Date,Close
10/1/2012 16:00:00,64.93
10/2/2012 16:00:00,64.81
10/3/2012 16:00:00,64.42
10/4/2012 16:00:00,64.9
10/5/2012 16:00:00,64.99
10/8/2012 16:00:00,64.89
10/9/2012 16:00:00,64.15
10/10/2012 16:00:00,63.63
10/11/2012 16:00:00,63.67
10/12/2012 16:00:00,66.24
10/15/2012 16:00:00,67.87
10/16/2012 16:00:00,68.78
10/17/2012 16:00:00,69.4
10/18/2012 16:00:00,69.88
10/19/2012 16:00:00,69.07
10/22/2012 16:00:00,69.74
10/23/2012 16:00:00,69.18
10/24/2012 16:00:00,68.99
10/25/2012 16:00:00,69.2
10/26/2012 16:00:00,69.56
10/31/2012 16:00:00,69.6
11/1/2012 16:00:00,70.82
11/2/2012 16:00:00,70.61
11/5/2012 16:00:00,70.74
11/6/2012 16:00:00,71.36
11/7/2012 16:00:00,70.48
11/8/2012 16:00:00,70.04
11/9/2012 16:00:00,69.87
11/12/2012 16:00:00,69.42
11/13/2012 16:00:00,69.25
11/14/2012 16:00:00,68.26
11/15/2012 16:00:00,68.7
11/16/2012 16:00:00,68.97
11/19/2012 16:00:00,70
11/20/2012 16:00:00,70.32
11/21/2012 16:00:00,69.7
11/23/2012 16:00:00,70.35
11/26/2012 16:00:00,69.81
11/27/2012 16:00:00,70.04
11/28/2012 16:00:00,70.97
11/29/2012 16:00:00,71.81
11/30/2012 16:00:00,72.08
12/3/2012 16:00:00,71.52
12/4/2012 16:00:00,71.87
12/5/2012 16:00:00,71.16
12/6/2012 16:00:00,72.39
12/7/2012 16:00:00,72.72
12/10/2012 16:00:00,72.04
12/11/2012 16:00:00,72.53
12/12/2012 16:00:00,70.51
12/13/2012 16:00:00,70.68
12/14/2012 16:00:00,70.52
12/17/2012 16:00:00,71.08
12/18/2012 16:00:00,71.87
12/19/2012 16:00:00,71.8
12/20/2012 16:00:00,72.23
12/21/2012 16:00:00,71.2
12/24/2012 16:00:00,72.08
12/26/2012 16:00:00,71.82
12/27/2012 16:00:00,71.8
12/28/2012 16:00:00,70.78
12/31/2012 16:00:00,71.9
1/2/2013 16:00:00,74.33
1/3/2013 16:00:00,74.1
1/4/2013 16:00:00,74.35
1/7/2013 16:00:00,73.9
1/8/2013 16:00:00,73.25
1/9/2013 16:00:00,73.37
1/10/2013 16:00:00,73.15
1/11/2013 16:00:00,72.81
1/14/2013 16:00:00,72.94
1/15/2013 16:00:00,73.13
1/16/2013 16:00:00,72.84
1/17/2013 16:00:00,73.32
1/18/2013 16:00:00,73.82
1/22/2013 16:00:00,74.16
1/23/2013 16:00:00,73.39
1/24/2013 16:00:00,73.17
1/25/2013 16:00:00,73.44
1/28/2013 16:00:00,72.65
1/29/2013 16:00:00,72.88
1/30/2013 16:00:00,72.24
1/31/2013 16:00:00,72.4
2/1/2013 16:00:00,73.87
2/4/2013 16:00:00,73.28
2/5/2013 16:00:00,74.31
2/6/2013 16:00:00,74.06
2/7/2013 16:00:00,73.44
2/8/2013 16:00:00,74.4
2/11/2013 16:00:00,74.06
2/12/2013 16:00:00,74.46
2/13/2013 16:00:00,74.67
2/14/2013 16:00:00,74.82
2/15/2013 16:00:00,75.21
2/19/2013 16:00:00,75.69
2/20/2013 16:00:00,74.81
2/21/2013 16:00:00,73.98
2/22/2013 16:00:00,74.7
2/25/2013 16:00:00,72.8
2/26/2013 16:00:00,75.84
2/27/2013 16:00:00,77.31
2/28/2013 16:00:00,76.55
3/1/2013 16:00:00,76.77
3/4/2013 16:00:00,77.32
3/5/2013 16:00:00,77.28
3/6/2013 16:00:00,77.67
3/7/2013 16:00:00,77.93
3/8/2013 16:00:00,78.14
3/11/2013 16:00:00,78.81
3/12/2013 16:00:00,79.45
3/13/2013 16:00:00,79.95
3/14/2013 16:00:00,79.96
3/15/2013 16:00:00,79.64
3/18/2013 16:00:00,78.78
3/19/2013 16:00:00,79.19
3/20/2013 16:00:00,79.38
3/21/2013 16:00:00,78.85
3/22/2013 16:00:00,79.47
3/25/2013 16:00:00,79.73
3/26/2013 16:00:00,78.88
3/27/2013 16:00:00,78.34
3/28/2013 16:00:00,80.18
4/1/2013 16:00:00,79.5
4/2/2013 16:00:00,80.2
4/3/2013 16:00:00,79.56
4/4/2013 16:00:00,79.85
4/5/2013 16:00:00,79.34
4/8/2013 16:00:00,80.04
4/9/2013 16:00:00,80.57
4/10/2013 16:00:00,82.31
4/11/2013 16:00:00,82.97
4/12/2013 16:00:00,82.22
4/15/2013 16:00:00,80.53
4/16/2013 16:00:00,81.92
4/17/2013 16:00:00,81.56
4/18/2013 16:00:00,81.33
4/19/2013 16:00:00,82.23
4/22/2013 16:00:00,83.02
4/23/2013 16:00:00,83.79
4/24/2013 16:00:00,83.29
4/25/2013 16:00:00,83.73
4/26/2013 16:00:00,82.94
4/29/2013 16:00:00,83.25
4/30/2013 16:00:00,84.62
5/1/2013 16:00:00,84.25
5/2/2013 16:00:00,84.27
5/3/2013 16:00:00,85.58
5/6/2013 16:00:00,85.35
5/7/2013 16:00:00,87.17
5/8/2013 16:00:00,86.87
5/9/2013 16:00:00,86.78
5/10/2013 16:00:00,86.8
5/13/2013 16:00:00,86.98
5/14/2013 16:00:00,87.97
5/15/2013 16:00:00,89.14
5/16/2013 16:00:00,88.16
5/17/2013 16:00:00,89.09
5/20/2013 16:00:00,88.08
5/21/2013 16:00:00,89.05
5/22/2013 16:00:00,87.43
5/23/2013 16:00:00,87.19
5/24/2013 16:00:00,87.14
5/28/2013 16:00:00,87.06
5/29/2013 16:00:00,86.04
5/30/2013 16:00:00,85.46
5/31/2013 16:00:00,84.47
6/3/2013 16:00:00,83.75
6/4/2013 16:00:00,84.52
6/5/2013 16:00:00,83.51
6/6/2013 16:00:00,84.09
6/7/2013 16:00:00,84.75
6/10/2013 16:00:00,84.61
6/11/2013 16:00:00,83.7
6/12/2013 16:00:00,84.25
6/13/2013 16:00:00,84.76
6/14/2013 16:00:00,84.03
6/17/2013 16:00:00,86.32
6/18/2013 16:00:00,86.73
6/19/2013 16:00:00,85.68
6/20/2013 16:00:00,83.99
6/21/2013 16:00:00,83.77
6/24/2013 16:00:00,83.93
6/25/2013 16:00:00,84.41
6/26/2013 16:00:00,85.93
6/27/2013 16:00:00,85.7
6/28/2013 16:00:00,85.19
7/1/2013 16:00:00,86.34
7/2/2013 16:00:00,86.13
7/3/2013 16:00:00,85.83
7/5/2013 16:00:00,86.5
7/8/2013 16:00:00,86.86
7/9/2013 16:00:00,88.46
7/10/2013 16:00:00,88.66
7/11/2013 16:00:00,89.9
7/12/2013 16:00:00,90.29
7/15/2013 16:00:00,90.77
7/16/2013 16:00:00,91.32
7/17/2013 16:00:00,91.64
7/18/2013 16:00:00,92.48
7/19/2013 16:00:00,93.4
7/22/2013 16:00:00,94.28
7/23/2013 16:00:00,94.77
7/24/2013 16:00:00,93.68
7/25/2013 16:00:00,93.54
7/26/2013 16:00:00,92.99
7/29/2013 16:00:00,92.1
7/30/2013 16:00:00,93.75
7/31/2013 16:00:00,92.14
8/1/2013 16:00:00,94.04
8/2/2013 16:00:00,93.62
8/5/2013 16:00:00,92.46
8/6/2013 16:00:00,93.5
8/7/2013 16:00:00,93.3
8/8/2013 16:00:00,93.05
8/9/2013 16:00:00,93.04
8/12/2013 16:00:00,92.79
8/13/2013 16:00:00,93.15
8/14/2013 16:00:00,93.03
8/15/2013 16:00:00,92.2
8/16/2013 16:00:00,91.71
8/19/2013 16:00:00,91.23
8/20/2013 16:00:00,90.6
8/21/2013 16:00:00,90.69
8/22/2013 16:00:00,91.54
8/23/2013 16:00:00,91.71
8/26/2013 16:00:00,92.44
8/27/2013 16:00:00,90.6
8/28/2013 16:00:00,90.83
8/29/2013 16:00:00,91.64
8/30/2013 16:00:00,91.35
9/3/2013 16:00:00,92.58
9/4/2013 16:00:00,93.73
9/5/2013 16:00:00,93.12
9/6/2013 16:00:00,92.73
9/9/2013 16:00:00,93.79
9/10/2013 16:00:00,95.39
9/11/2013 16:00:00,96.1
9/12/2013 16:00:00,96
9/13/2013 16:00:00,95.69
9/16/2013 16:00:00,96.85
9/17/2013 16:00:00,96.27
9/18/2013 16:00:00,99
9/19/2013 16:00:00,98.8
9/20/2013 16:00:00,98.13
9/23/2013 16:00:00,98.37
9/24/2013 16:00:00,98.36
9/25/2013 16:00:00,98.63
9/26/2013 16:00:00,99.12
9/27/2013 16:00:00,98.11
9/30/2013 16:00:00,98.76
10/1/2013 16:00:00,99.48
10/2/2013 16:00:00,99.51
10/3/2013 16:00:00,97.76
10/4/2013 16:00:00,99.34
10/7/2013 16:00:00,97.27
10/8/2013 16:00:00,96.91
10/9/2013 16:00:00,97.63
10/10/2013 16:00:00,98.83
10/11/2013 16:00:00,100.02
10/14/2013 16:00:00,100.71
10/15/2013 16:00:00,99.62
10/16/2013 16:00:00,101.84
10/17/2013 16:00:00,102.3
10/18/2013 16:00:00,103.51
10/21/2013 16:00:00,102.62
10/22/2013 16:00:00,104.26
10/23/2013 16:00:00,103.28
10/24/2013 16:00:00,104.92
10/25/2013 16:00:00,105.18
10/28/2013 16:00:00,103.26
10/29/2013 16:00:00,107.48
10/30/2013 16:00:00,106.36
10/31/2013 16:00:00,106
11/1/2013 16:00:00,105.69
11/4/2013 16:00:00,105.96
11/5/2013 16:00:00,105.32
11/6/2013 16:00:00,106.39
11/7/2013 16:00:00,104.62
11/8/2013 16:00:00,106.56
11/11/2013 16:00:00,105.99
11/12/2013 16:00:00,106.43
11/13/2013 16:00:00,106.29
11/14/2013 16:00:00,107.03
11/15/2013 16:00:00,107.61
11/18/2013 16:00:00,107.07
11/19/2013 16:00:00,106.58
11/20/2013 16:00:00,106.59
11/21/2013 16:00:00,107.42
11/22/2013 16:00:00,107.46
11/25/2013 16:00:00,106.48
11/26/2013 16:00:00,107.99
11/27/2013 16:00:00,106.96
11/29/2013 16:00:00,107.17
12/2/2013 16:00:00,105.75
12/3/2013 16:00:00,103.65
12/4/2013 16:00:00,103.41
12/5/2013 16:00:00,103.05
12/6/2013 16:00:00,105.69
12/9/2013 16:00:00,105.76
12/10/2013 16:00:00,105.05
12/11/2013 16:00:00,103.24
12/12/2013 16:00:00,102.84
12/13/2013 16:00:00,102.58
12/16/2013 16:00:00,102.1
12/17/2013 16:00:00,102.06
12/18/2013 16:00:00,104.08
12/19/2013 16:00:00,102.95
12/20/2013 16:00:00,104.24
12/23/2013 16:00:00,104.28
12/24/2013 16:00:00,104.93
12/26/2013 16:00:00,104.7
12/27/2013 16:00:00,104.47
12/30/2013 16:00:00,104.11
12/31/2013 16:00:00,104.27
1/2/2014 16:00:00,103.79
1/3/2014 16:00:00,103.92
1/6/2014 16:00:00,102.28
1/7/2014 16:00:00,103.33
1/8/2014 16:00:00,104.14
1/9/2014 16:00:00,105
1/10/2014 16:00:00,105.39
1/13/2014 16:00:00,103.1
1/14/2014 16:00:00,104.33
1/15/2014 16:00:00,103.62
1/16/2014 16:00:00,104.45
1/17/2014 16:00:00,104.15
1/21/2014 16:00:00,103.9
1/22/2014 16:00:00,103.69
1/23/2014 16:00:00,101.94
1/24/2014 16:00:00,99.35
1/27/2014 16:00:00,98.76
1/28/2014 16:00:00,99.85
1/29/2014 16:00:00,100.23
1/30/2014 16:00:00,100.83
1/31/2014 16:00:00,100.54
2/3/2014 16:00:00,98.03
2/4/2014 16:00:00,98.7
2/5/2014 16:00:00,99.16
2/6/2014 16:00:00,99.89
2/7/2014 16:00:00,100.13
2/10/2014 16:00:00,100.62
2/11/2014 16:00:00,101.41
2/12/2014 16:00:00,101.14
2/13/2014 16:00:00,102.3
2/14/2014 16:00:00,103.15
2/18/2014 16:00:00,103.08
2/19/2014 16:00:00,101.97
2/20/2014 16:00:00,101.87
2/21/2014 16:00:00,102.19
2/24/2014 16:00:00,102.39
2/25/2014 16:00:00,104.58
2/26/2014 16:00:00,105.43
2/27/2014 16:00:00,106.65
2/28/2014 16:00:00,107.75
3/3/2014 16:00:00,107.98
3/4/2014 16:00:00,109.66
3/5/2014 16:00:00,109.38
3/6/2014 16:00:00,109.86
3/7/2014 16:00:00,109.84
3/10/2014 16:00:00,110.18
3/11/2014 16:00:00,111.24
3/12/2014 16:00:00,110.62
3/13/2014 16:00:00,109.25
3/14/2014 16:00:00,108.63
3/17/2014 16:00:00,110.02
3/18/2014 16:00:00,110.34
3/19/2014 16:00:00,109.32
3/20/2014 16:00:00,110.04
3/21/2014 16:00:00,110.73
3/24/2014 16:00:00,109.84
3/25/2014 16:00:00,108.31
3/26/2014 16:00:00,107.05
3/27/2014 16:00:00,106.2
3/28/2014 16:00:00,106.23
3/31/2014 16:00:00,107.99
4/1/2014 16:00:00,108.66
4/2/2014 16:00:00,108.59
4/3/2014 16:00:00,109.05
4/4/2014 16:00:00,107.18
4/7/2014 16:00:00,105.73
4/8/2014 16:00:00,105.22
4/9/2014 16:00:00,107.2
4/10/2014 16:00:00,105.02
4/11/2014 16:00:00,103.7
4/14/2014 16:00:00,104.27
4/15/2014 16:00:00,105.42
4/16/2014 16:00:00,107.03
4/17/2014 16:00:00,107.79
4/21/2014 16:00:00,107.88
4/22/2014 16:00:00,107.28
4/23/2014 16:00:00,106.89
4/24/2014 16:00:00,106.09
4/25/2014 16:00:00,105.23
4/28/2014 16:00:00,104.83
4/29/2014 16:00:00,104.3
4/30/2014 16:00:00,104.64
5/1/2014 16:00:00,104.61
5/2/2014 16:00:00,104.5
5/5/2014 16:00:00,105.31
5/6/2014 16:00:00,104.31
5/7/2014 16:00:00,105.11
5/8/2014 16:00:00,104.5
5/9/2014 16:00:00,104.75
5/12/2014 16:00:00,105.59
5/13/2014 16:00:00,105.7
5/14/2014 16:00:00,106.2
5/15/2014 16:00:00,105.81
5/16/2014 16:00:00,105.89
5/19/2014 16:00:00,107.2
5/20/2014 16:00:00,106.67
5/21/2014 16:00:00,107.78
5/22/2014 16:00:00,107.4
5/23/2014 16:00:00,108.05
5/27/2014 16:00:00,108.69
5/28/2014 16:00:00,108.13
5/29/2014 16:00:00,108.68
5/30/2014 16:00:00,109.19
6/2/2014 16:00:00,109.04
6/3/2014 16:00:00,109.13
6/4/2014 16:00:00,109.98
6/5/2014 16:00:00,109.8
6/6/2014 16:00:00,110.34
6/9/2014 16:00:00,110.05
6/10/2014 16:00:00,110.06
6/11/2014 16:00:00,109.33
6/12/2014 16:00:00,108.34
6/13/2014 16:00:00,108.15
6/16/2014 16:00:00,107.75
6/17/2014 16:00:00,107.8
6/18/2014 16:00:00,108.43
6/19/2014 16:00:00,108.38
6/20/2014 16:00:00,108.68
6/23/2014 16:00:00,108.32
6/24/2014 16:00:00,107.18
6/25/2014 16:00:00,107.45
6/26/2014 16:00:00,107.26
6/27/2014 16:00:00,108.63
6/30/2014 16:00:00,111.34
7/1/2014 16:00:00,111.53
7/2/2014 16:00:00,110.63
7/3/2014 16:00:00,110.61
7/7/2014 16:00:00,110.28
7/8/2014 16:00:00,110.4
7/9/2014 16:00:00,110.27
7/10/2014 16:00:00,110.01
7/11/2014 16:00:00,109.59
7/14/2014 16:00:00,109.88
7/15/2014 16:00:00,110.23
7/16/2014 16:00:00,110.58
7/17/2014 16:00:00,109.98
7/18/2014 16:00:00,110.43
7/21/2014 16:00:00,109.39
7/22/2014 16:00:00,109.98
7/23/2014 16:00:00,110
7/24/2014 16:00:00,110.39
7/25/2014 16:00:00,110.58
7/28/2014 16:00:00,111.02
7/29/2014 16:00:00,109.83
7/30/2014 16:00:00,109.35
7/31/2014 16:00:00,108.53
8/1/2014 16:00:00,108.26
8/4/2014 16:00:00,109.32
8/5/2014 16:00:00,108.19
8/6/2014 16:00:00,108.86
8/7/2014 16:00:00,108.05
8/8/2014 16:00:00,109.11
8/11/2014 16:00:00,109.38
8/12/2014 16:00:00,110.02
8/13/2014 16:00:00,111.27
8/14/2014 16:00:00,111.97
8/15/2014 16:00:00,112.37
8/18/2014 16:00:00,113.4
8/19/2014 16:00:00,113.82
8/20/2014 16:00:00,113.69
8/21/2014 16:00:00,113.77
8/22/2014 16:00:00,113.66
8/25/2014 16:00:00,114.58
8/26/2014 16:00:00,114.87
8/27/2014 16:00:00,114.08
8/28/2014 16:00:00,114.39
8/29/2014 16:00:00,114.82
9/2/2014 16:00:00,114.65
9/3/2014 16:00:00,114.84
9/4/2014 16:00:00,114.89
9/5/2014 16:00:00,115.51
9/8/2014 16:00:00,115.64
9/9/2014 16:00:00,114.66
9/10/2014 16:00:00,114.75
9/11/2014 16:00:00,114.7
9/12/2014 16:00:00,115.47
9/15/2014 16:00:00,115.09
9/16/2014 16:00:00,116.12
9/17/2014 16:00:00,116.69
9/18/2014 16:00:00,117.53
9/19/2014 16:00:00,118.07
9/22/2014 16:00:00,117.31
9/23/2014 16:00:00,116.77
9/24/2014 16:00:00,117.63
9/25/2014 16:00:00,115.64
9/26/2014 16:00:00,116.56
9/29/2014 16:00:00,116.32
9/30/2014 16:00:00,114.83
10/1/2014 16:00:00,112.7
10/2/2014 16:00:00,113.3
10/3/2014 16:00:00,114.65
10/6/2014 16:00:00,113.42
10/7/2014 16:00:00,111.81
10/8/2014 16:00:00,113.5
10/9/2014 16:00:00,110.66
10/10/2014 16:00:00,109.28
10/13/2014 16:00:00,107.54
10/14/2014 16:00:00,106.98
10/15/2014 16:00:00,105.34
10/16/2014 16:00:00,105.39
10/17/2014 16:00:00,107.89
10/20/2014 16:00:00,109.95
10/21/2014 16:00:00,112.7
10/22/2014 16:00:00,112.41
10/23/2014 16:00:00,112.56
10/24/2014 16:00:00,112.72
10/27/2014 16:00:00,110.64
10/28/2014 16:00:00,110.61
10/29/2014 16:00:00,108.16
10/30/2014 16:00:00,108.35
10/31/2014 16:00:00,111.23
11/3/2014 16:00:00,110.1
11/4/2014 16:00:00,109.35
11/5/2014 16:00:00,110.46
11/6/2014 16:00:00,111.94
11/7/2014 16:00:00,112.48
11/10/2014 16:00:00,112.73
11/11/2014 16:00:00,112.79
11/12/2014 16:00:00,112.98
11/13/2014 16:00:00,112.95
11/14/2014 16:00:00,112.41
11/17/2014 16:00:00,112.19
11/18/2014 16:00:00,113.18
11/19/2014 16:00:00,113.22
11/20/2014 16:00:00,113.46
11/21/2014 16:00:00,114.56
11/24/2014 16:00:00,114.5
11/25/2014 16:00:00,113.5
11/26/2014 16:00:00,113.75
11/28/2014 16:00:00,108.95
12/1/2014 16:00:00,104.3
12/2/2014 16:00:00,106.23
12/3/2014 16:00:00,109.25
12/4/2014 16:00:00,109.53
12/5/2014 16:00:00,109.04
12/8/2014 16:00:00,103.85
12/9/2014 16:00:00,105.45
12/10/2014 16:00:00,104.21
12/11/2014 16:00:00,104.64
12/12/2014 16:00:00,102.33
12/15/2014 16:00:00,102.03
12/16/2014 16:00:00,101.55
12/17/2014 16:00:00,104.43
12/18/2014 16:00:00,105.29
12/19/2014 16:00:00,106.63
12/22/2014 16:00:00,106.83
12/23/2014 16:00:00,107.45
12/24/2014 16:00:00,107.18
12/26/2014 16:00:00,107.11
12/29/2014 16:00:00,106.74
12/30/2014 16:00:00,105.27
12/31/2014 16:00:00,104.52
1/2/2015 16:00:00,104.31
1/5/2015 16:00:00,101.98
1/6/2015 16:00:00,98.93
1/7/2015 16:00:00,100.38
1/8/2015 16:00:00,102.62
1/9/2015 16:00:00,101.33
1/12/2015 16:00:00,100.76
1/13/2015 16:00:00,101.92
1/14/2015 16:00:00,101.33
1/15/2015 16:00:00,100.68
1/16/2015 16:00:00,102.21
1/20/2015 16:00:00,102.56
1/21/2015 16:00:00,104
1/22/2015 16:00:00,106.37
1/23/2015 16:00:00,105.88
1/26/2015 16:00:00,107.02
1/27/2015 16:00:00,106.48
1/28/2015 16:00:00,103.58
1/29/2015 16:00:00,104.38
1/30/2015 16:00:00,103.77
2/2/2015 16:00:00,103.49
2/3/2015 16:00:00,106.08
2/4/2015 16:00:00,104.44
2/5/2015 16:00:00,106.38
2/6/2015 16:00:00,106.68
2/9/2015 16:00:00,107.24
2/10/2015 16:00:00,108.33
2/11/2015 16:00:00,109.31
2/12/2015 16:00:00,110.77
2/13/2015 16:00:00,111.62
2/17/2015 16:00:00,111.67
2/18/2015 16:00:00,111.56
2/19/2015 16:00:00,111.77
2/20/2015 16:00:00,112.53
2/23/2015 16:00:00,111.41
2/24/2015 16:00:00,113
2/25/2015 16:00:00,115.65
2/26/2015 16:00:00,116.15
2/27/2015 16:00:00,115.54
3/2/2015 16:00:00,115.96
3/3/2015 16:00:00,116.19
3/4/2015 16:00:00,116.18
3/5/2015 16:00:00,116.77
3/6/2015 16:00:00,114.69
3/9/2015 16:00:00,115.88
3/10/2015 16:00:00,114.89
3/11/2015 16:00:00,114.5
3/12/2015 16:00:00,115.81
3/13/2015 16:00:00,114.47
3/16/2015 16:00:00,115.17
3/17/2015 16:00:00,114.31
3/18/2015 16:00:00,115.7
3/19/2015 16:00:00,115.01
3/20/2015 16:00:00,115.27
3/23/2015 16:00:00,114.28
3/24/2015 16:00:00,113.58
3/25/2015 16:00:00,113.82
3/26/2015 16:00:00,114.26
3/27/2015 16:00:00,114.24
3/30/2015 16:00:00,114.79
3/31/2015 16:00:00,114.38
4/1/2015 16:00:00,113.54
4/2/2015 16:00:00,113.37
4/6/2015 16:00:00,114.64
4/7/2015 16:00:00,114.57
4/8/2015 16:00:00,115.34
4/9/2015 16:00:00,115.86
4/10/2015 16:00:00,116.36
4/13/2015 16:00:00,115.43
4/14/2015 16:00:00,116.15
4/15/2015 16:00:00,117.02
4/16/2015 16:00:00,116.83
4/17/2015 16:00:00,115.2
4/20/2015 16:00:00,116.15
4/21/2015 16:00:00,115.88
4/22/2015 16:00:00,116.05
4/23/2015 16:00:00,115.85
4/24/2015 16:00:00,115.59
4/27/2015 16:00:00,116.09
4/28/2015 16:00:00,112.97
4/29/2015 16:00:00,114.41
4/30/2015 16:00:00,111.98
5/1/2015 16:00:00,113.95
5/4/2015 16:00:00,113.97
5/5/2015 16:00:00,112.36
5/6/2015 16:00:00,112.5
5/7/2015 16:00:00,113.28
5/8/2015 16:00:00,114.79
5/11/2015 16:00:00,113.58
5/12/2015 16:00:00,113.45
5/13/2015 16:00:00,114.01
5/14/2015 16:00:00,115.99
5/15/2015 16:00:00,116.12
5/18/2015 16:00:00,115.85
5/19/2015 16:00:00,115.73
5/20/2015 16:00:00,115.57
5/21/2015 16:00:00,116.04
5/22/2015 16:00:00,115.26
5/26/2015 16:00:00,113.82
5/27/2015 16:00:00,114.45
5/28/2015 16:00:00,114.8
5/29/2015 16:00:00,114.65
6/1/2015 16:00:00,115.06
6/2/2015 16:00:00,115.67
6/3/2015 16:00:00,116.36
6/4/2015 16:00:00,114.02
6/5/2015 16:00:00,114.01
6/8/2015 16:00:00,113.6
6/9/2015 16:00:00,113.66
6/10/2015 16:00:00,115.61
6/11/2015 16:00:00,115.71
6/12/2015 16:00:00,114.26
6/15/2015 16:00:00,113.88
6/16/2015 16:00:00,114.45
6/17/2015 16:00:00,115.04
6/18/2015 16:00:00,117.22
6/19/2015 16:00:00,117.17
6/22/2015 16:00:00,117.73
6/23/2015 16:00:00,117.22
6/24/2015 16:00:00,116.26
6/25/2015 16:00:00,115.96
6/26/2015 16:00:00,115.73
6/29/2015 16:00:00,112.93
6/30/2015 16:00:00,113.07
7/1/2015 16:00:00,113.2
7/2/2015 16:00:00,112.81
7/6/2015 16:00:00,111.9
7/7/2015 16:00:00,112.18
7/8/2015 16:00:00,110.62
7/9/2015 16:00:00,110.61
7/10/2015 16:00:00,112.28
7/13/2015 16:00:00,113.73
7/14/2015 16:00:00,114.7
7/15/2015 16:00:00,114.6
7/16/2015 16:00:00,114.7
7/17/2015 16:00:00,112.78
7/20/2015 16:00:00,112.77
7/21/2015 16:00:00,112.57
7/22/2015 16:00:00,111.85
7/23/2015 16:00:00,111.24
7/24/2015 16:00:00,109.53
7/27/2015 16:00:00,108.39
7/28/2015 16:00:00,113.77
7/29/2015 16:00:00,115.32
7/30/2015 16:00:00,116.1
7/31/2015 16:00:00,115.81
8/3/2015 16:00:00,115.28
8/4/2015 16:00:00,115.32
8/5/2015 16:00:00,116.75
8/6/2015 16:00:00,116.31
8/7/2015 16:00:00,114.36
8/10/2015 16:00:00,116.59
8/11/2015 16:00:00,115.93
8/12/2015 16:00:00,115.04
8/13/2015 16:00:00,115.28
8/14/2015 16:00:00,116.48
8/17/2015 16:00:00,116.35
8/18/2015 16:00:00,115.9
8/19/2015 16:00:00,114.86
8/20/2015 16:00:00,112.62
8/21/2015 16:00:00,109.9
8/24/2015 16:00:00,105.35
8/25/2015 16:00:00,104.53
8/26/2015 16:00:00,106.49
8/27/2015 16:00:00,109.92
8/28/2015 16:00:00,110.46
8/31/2015 16:00:00,109.14
9/1/2015 16:00:00,105.42
9/2/2015 16:00:00,107.98
9/3/2015 16:00:00,108.83
9/4/2015 16:00:00,106.54
9/8/2015 16:00:00,108.59
9/9/2015 16:00:00,110.52
9/10/2015 16:00:00,110.44
9/11/2015 16:00:00,109.99
9/14/2015 16:00:00,108.92
9/15/2015 16:00:00,110.21
9/16/2015 16:00:00,113.6
9/17/2015 16:00:00,113.54
9/18/2015 16:00:00,112.55
9/21/2015 16:00:00,112.73
9/22/2015 16:00:00,110.86
9/23/2015 16:00:00,110.04
9/24/2015 16:00:00,110.54
9/25/2015 16:00:00,110.46
9/28/2015 16:00:00,107.32
9/29/2015 16:00:00,108.36
9/30/2015 16:00:00,109.72
10/1/2015 16:00:00,112.33
10/2/2015 16:00:00,114.2
10/5/2015 16:00:00,115.74
10/6/2015 16:00:00,117.19
10/7/2015 16:00:00,118.27
10/8/2015 16:00:00,120.53
10/9/2015 16:00:00,120.54
10/12/2015 16:00:00,120.57
10/13/2015 16:00:00,120.16
10/14/2015 16:00:00,121.34
10/15/2015 16:00:00,121.58
10/16/2015 16:00:00,122.1
10/19/2015 16:00:00,119.38
10/20/2015 16:00:00,119.43
10/21/2015 16:00:00,117.9
10/22/2015 16:00:00,120.55
10/23/2015 16:00:00,119.99
10/26/2015 16:00:00,119.58
10/27/2015 16:00:00,118.53
10/28/2015 16:00:00,119.59
10/29/2015 16:00:00,119.93
10/30/2015 16:00:00,120.35
11/2/2015 16:00:00,117.99
11/3/2015 16:00:00,120.04
11/4/2015 16:00:00,117.49
11/5/2015 16:00:00,117.64
11/6/2015 16:00:00,117.4
11/9/2015 16:00:00,115.96
11/10/2015 16:00:00,116.35
11/11/2015 16:00:00,117.47
11/12/2015 16:00:00,115.15
11/13/2015 16:00:00,116.43
11/16/2015 16:00:00,116.7
11/17/2015 16:00:00,116.75
11/18/2015 16:00:00,118.32
11/19/2015 16:00:00,117.91
11/20/2015 16:00:00,118.13
11/23/2015 16:00:00,119.52
11/24/2015 16:00:00,119.72
11/25/2015 16:00:00,119.02
11/27/2015 16:00:00,118.91
11/30/2015 16:00:00,119.16
12/1/2015 16:00:00,119.67
12/2/2015 16:00:00,118.64
12/3/2015 16:00:00,117.89
12/4/2015 16:00:00,119.23
12/7/2015 16:00:00,118.36
12/8/2015 16:00:00,116.37
12/9/2015 16:00:00,116.95
12/10/2015 16:00:00,115.96
12/11/2015 16:00:00,112.39
12/14/2015 16:00:00,113.64
12/15/2015 16:00:00,115.07
12/16/2015 16:00:00,117.89
12/17/2015 16:00:00,115.3
12/18/2015 16:00:00,112.62
12/21/2015 16:00:00,113.22
12/22/2015 16:00:00,114.42
12/23/2015 16:00:00,116.5
12/24/2015 16:00:00,115.78
12/28/2015 16:00:00,115.47
12/29/2015 16:00:00,116.39
12/30/2015 16:00:00,115.43
12/31/2015 16:00:00,114.38
1/4/2016 16:00:00,112.49
1/5/2016 16:00:00,112.9
1/6/2016 16:00:00,108.07
1/7/2016 16:00:00,105.27
1/8/2016 16:00:00,104.35
1/11/2016 16:00:00,104.62
1/12/2016 16:00:00,105.72
1/13/2016 16:00:00,103.13
1/14/2016 16:00:00,104.82
1/15/2016 16:00:00,102.58
1/19/2016 16:00:00,102.37
1/20/2016 16:00:00,102.44
1/21/2016 16:00:00,101.85
1/22/2016 16:00:00,104.99
1/25/2016 16:00:00,103.26
1/26/2016 16:00:00,104.13
1/27/2016 16:00:00,102.78
1/28/2016 16:00:00,104
1/29/2016 16:00:00,107.87
2/1/2016 16:00:00,107.42
2/2/2016 16:00:00,104.93
2/3/2016 16:00:00,107.28
2/4/2016 16:00:00,109.17
2/5/2016 16:00:00,106.17
2/8/2016 16:00:00,103.62
2/9/2016 16:00:00,107.2
2/10/2016 16:00:00,106.21
2/11/2016 16:00:00,103.3
2/12/2016 16:00:00,106.63
2/16/2016 16:00:00,108.65
2/17/2016 16:00:00,109.96
2/18/2016 16:00:00,108.76
2/19/2016 16:00:00,107.77
2/22/2016 16:00:00,108.09
2/23/2016 16:00:00,100.14
2/24/2016 16:00:00,102.13
2/25/2016 16:00:00,103.68
2/26/2016 16:00:00,106.28
2/29/2016 16:00:00,102.55
3/1/2016 16:00:00,105.86
3/2/2016 16:00:00,104.68
3/3/2016 16:00:00,105.24
3/4/2016 16:00:00,106.33
3/7/2016 16:00:00,105.96
3/8/2016 16:00:00,104.28
3/9/2016 16:00:00,104.22
3/10/2016 16:00:00,105.26
3/11/2016 16:00:00,106.36
3/14/2016 16:00:00,103.04
3/15/2016 16:00:00,104.05
3/16/2016 16:00:00,105.87
3/17/2016 16:00:00,107.84
3/18/2016 16:00:00,108.14
3/21/2016 16:00:00,108.98
3/22/2016 16:00:00,110.56
3/23/2016 16:00:00,110
3/24/2016 16:00:00,110.53
3/28/2016 16:00:00,110.6
3/29/2016 16:00:00,111.46
3/30/2016 16:00:00,112.42
3/31/2016 16:00:00,111.52
4/1/2016 16:00:00,112.42
4/4/2016 16:00:00,112.08
4/5/2016 16:00:00,111.3
4/6/2016 16:00:00,112.36
4/7/2016 16:00:00,110.73
4/8/2016 16:00:00,111.63
4/11/2016 16:00:00,111.47
4/12/2016 16:00:00,112.59
4/13/2016 16:00:00,114.13
4/14/2016 16:00:00,115.47
4/15/2016 16:00:00,115.01
4/18/2016 16:00:00,115.18
4/19/2016 16:00:00,116.04
4/20/2016 16:00:00,115.57
4/21/2016 16:00:00,115.29
4/22/2016 16:00:00,116.24
4/25/2016 16:00:00,115.73
4/26/2016 16:00:00,115.96
4/27/2016 16:00:00,116.65
4/28/2016 16:00:00,115.3
4/29/2016 16:00:00,114.98
5/2/2016 16:00:00,114.27
5/3/2016 16:00:00,113.59
5/4/2016 16:00:00,115.31
5/5/2016 16:00:00,115.04
5/6/2016 16:00:00,117.05
5/9/2016 16:00:00,115.47
5/10/2016 16:00:00,117.11
5/11/2016 16:00:00,116.57
5/12/2016 16:00:00,117.13
5/13/2016 16:00:00,116.02
5/16/2016 16:00:00,118.16
5/17/2016 16:00:00,117.03
5/18/2016 16:00:00,116.01
5/19/2016 16:00:00,116.16
5/20/2016 16:00:00,116.72
5/23/2016 16:00:00,116.85
5/24/2016 16:00:00,118.56
5/25/2016 16:00:00,118.52
5/26/2016 16:00:00,118.2
5/27/2016 16:00:00,118.34
5/31/2016 16:00:00,117.24
6/1/2016 16:00:00,118.52
6/2/2016 16:00:00,118.87
6/3/2016 16:00:00,118.79
6/6/2016 16:00:00,120.13
6/7/2016 16:00:00,120.81
6/8/2016 16:00:00,121.55
6/9/2016 16:00:00,120.79
6/10/2016 16:00:00,120.25
6/13/2016 16:00:00,119.34
6/14/2016 16:00:00,119.35
6/15/2016 16:00:00,118.6
6/16/2016 16:00:00,119.32
6/17/2016 16:00:00,118.6
6/20/2016 16:00:00,119.14
6/21/2016 16:00:00,119.43
6/22/2016 16:00:00,119.44
6/23/2016 16:00:00,120.94
6/24/2016 16:00:00,116.37
6/27/2016 16:00:00,114.47
6/28/2016 16:00:00,115.25
6/29/2016 16:00:00,116.79
6/30/2016 16:00:00,118.6
7/1/2016 16:00:00,118.85
7/5/2016 16:00:00,117.59
7/6/2016 16:00:00,117.8
7/7/2016 16:00:00,117.59
7/8/2016 16:00:00,119.2
7/11/2016 16:00:00,119.1
7/12/2016 16:00:00,120.3
7/13/2016 16:00:00,120.56
7/14/2016 16:00:00,121.27
7/15/2016 16:00:00,120.95
7/18/2016 16:00:00,120.34
7/19/2016 16:00:00,120.14
7/20/2016 16:00:00,120.03
7/21/2016 16:00:00,119.64
7/22/2016 16:00:00,120.02
7/25/2016 16:00:00,119.79
7/26/2016 16:00:00,119.75
7/27/2016 16:00:00,119.21
7/28/2016 16:00:00,119.13
7/29/2016 16:00:00,118.38
8/1/2016 16:00:00,118.67
8/2/2016 16:00:00,122.81
8/3/2016 16:00:00,121.41
8/4/2016 16:00:00,122.23
8/5/2016 16:00:00,122.72
8/8/2016 16:00:00,122.25
8/9/2016 16:00:00,122.8
8/10/2016 16:00:00,122.86
8/11/2016 16:00:00,123.15
8/12/2016 16:00:00,122.45
8/15/2016 16:00:00,122.68
8/16/2016 16:00:00,122.24
8/17/2016 16:00:00,122.26
8/18/2016 16:00:00,122.39
8/19/2016 16:00:00,122.77
8/22/2016 16:00:00,122.26
8/23/2016 16:00:00,122.67
8/24/2016 16:00:00,121.71
8/25/2016 16:00:00,122.8
8/26/2016 16:00:00,122.93
8/29/2016 16:00:00,123.89
8/30/2016 16:00:00,123.98
8/31/2016 16:00:00,123.05
9/1/2016 16:00:00,123.1
9/2/2016 16:00:00,124.05
9/6/2016 16:00:00,123.7
9/7/2016 16:00:00,122.74
9/8/2016 16:00:00,122.38
9/9/2016 16:00:00,118.68
9/12/2016 16:00:00,120.06
9/13/2016 16:00:00,117.55
9/14/2016 16:00:00,117.53
9/15/2016 16:00:00,118.08
9/16/2016 16:00:00,117.33
9/19/2016 16:00:00,117.62
9/20/2016 16:00:00,117.31
9/21/2016 16:00:00,118.49
9/22/2016 16:00:00,119.14
9/23/2016 16:00:00,119.04
9/26/2016 16:00:00,118.93
9/27/2016 16:00:00,119.92
9/28/2016 16:00:00,121.3
9/29/2016 16:00:00,120.73
9/30/2016 16:00:00,121.72
10/3/2016 16:00:00,121.11
10/4/2016 16:00:00,120.16
10/5/2016 16:00:00,120.01
10/6/2016 16:00:00,120.54
10/7/2016 16:00:00,119.02
10/10/2016 16:00:00,119.07
10/11/2016 16:00:00,117.16
10/12/2016 16:00:00,117.14
10/13/2016 16:00:00,117.01
10/14/2016 16:00:00,116.76
10/17/2016 16:00:00,116.34
10/18/2016 16:00:00,116.6
10/19/2016 16:00:00,116.82
10/20/2016 16:00:00,116.43
10/21/2016 16:00:00,115.78
10/24/2016 16:00:00,116.71
10/25/2016 16:00:00,115.95
10/26/2016 16:00:00,115.35
10/27/2016 16:00:00,114.96
10/28/2016 16:00:00,115.1
10/31/2016 16:00:00,114.17
11/1/2016 16:00:00,112.14
11/2/2016 16:00:00,111.99
11/3/2016 16:00:00,111.18
11/4/2016 16:00:00,110.67
11/7/2016 16:00:00,112.87
11/8/2016 16:00:00,113.6
11/9/2016 16:00:00,114.76
11/10/2016 16:00:00,116.15
11/11/2016 16:00:00,115.67
11/14/2016 16:00:00,113.98
11/15/2016 16:00:00,114.14
11/16/2016 16:00:00,114.78
11/17/2016 16:00:00,114.83
11/18/2016 16:00:00,114.28
11/21/2016 16:00:00,114.92
11/22/2016 16:00:00,116.36
11/23/2016 16:00:00,116.79
11/25/2016 16:00:00,116.64
11/28/2016 16:00:00,116.34
11/29/2016 16:00:00,116.41
11/30/2016 16:00:00,116.73
12/1/2016 16:00:00,118.49
12/2/2016 16:00:00,116.89
12/5/2016 16:00:00,118.56
12/6/2016 16:00:00,116.89
12/7/2016 16:00:00,118.81
12/8/2016 16:00:00,119.61
12/9/2016 16:00:00,120.5
12/12/2016 16:00:00,121.47
12/13/2016 16:00:00,122.22
12/14/2016 16:00:00,121.05
12/15/2016 16:00:00,122.04
12/16/2016 16:00:00,120.27
12/19/2016 16:00:00,120.57
12/20/2016 16:00:00,120.42
12/21/2016 16:00:00,119.37
12/22/2016 16:00:00,118.59
12/23/2016 16:00:00,118.76
12/27/2016 16:00:00,119.21
12/28/2016 16:00:00,118
12/29/2016 16:00:00,117.71
12/30/2016 16:00:00,117.22
1/3/2017 16:00:00,118.04
1/4/2017 16:00:00,118.79
1/5/2017 16:00:00,118.61
1/6/2017 16:00:00,118.92
1/9/2017 16:00:00,118.84
1/10/2017 16:00:00,117.86
1/11/2017 16:00:00,118.32
1/12/2017 16:00:00,118.64
1/13/2017 16:00:00,118.57
1/17/2017 16:00:00,118.68
1/18/2017 16:00:00,119.07
1/19/2017 16:00:00,118.85
1/20/2017 16:00:00,118.4
1/23/2017 16:00:00,119.35
1/24/2017 16:00:00,121.65
1/25/2017 16:00:00,122.49
1/26/2017 16:00:00,120.95
1/27/2017 16:00:00,121.29
1/30/2017 16:00:00,121.49
1/31/2017 16:00:00,120.13
2/1/2017 16:00:00,120.78
2/2/2017 16:00:00,120.21
2/3/2017 16:00:00,120.75
2/6/2017 16:00:00,119.7
2/7/2017 16:00:00,120.25
2/8/2017 16:00:00,120.34
2/9/2017 16:00:00,120.61
2/10/2017 16:00:00,121.2
2/13/2017 16:00:00,121.76
2/14/2017 16:00:00,122.84
2/15/2017 16:00:00,123.4
2/16/2017 16:00:00,123.28
2/17/2017 16:00:00,123.95
2/21/2017 16:00:00,124.03
2/22/2017 16:00:00,123.1
2/23/2017 16:00:00,122.76
2/24/2017 16:00:00,125.5
2/27/2017 16:00:00,123.84
2/28/2017 16:00:00,123.97
3/1/2017 16:00:00,125.87
3/2/2017 16:00:00,125.09
3/3/2017 16:00:00,125.25
3/6/2017 16:00:00,125.06
3/7/2017 16:00:00,124.72
3/8/2017 16:00:00,124.5
3/9/2017 16:00:00,123.69
3/10/2017 16:00:00,124.25
3/13/2017 16:00:00,124.77
3/14/2017 16:00:00,123.68
3/15/2017 16:00:00,125.37
3/16/2017 16:00:00,125.19
3/17/2017 16:00:00,125.41
3/20/2017 16:00:00,125.13
3/21/2017 16:00:00,124.2
3/22/2017 16:00:00,124.24
3/23/2017 16:00:00,124.18
3/24/2017 16:00:00,123.83
3/27/2017 16:00:00,124.11
3/28/2017 16:00:00,124.87
3/29/2017 16:00:00,124.78
3/30/2017 16:00:00,125.34
3/31/2017 16:00:00,125.34
4/3/2017 16:00:00,125.88
4/4/2017 16:00:00,125.06
4/5/2017 16:00:00,124.83
4/6/2017 16:00:00,125.21
4/7/2017 16:00:00,125.25
4/10/2017 16:00:00,125.87
4/11/2017 16:00:00,125.66
4/12/2017 16:00:00,124.96
4/13/2017 16:00:00,124.47
4/17/2017 16:00:00,125.42
4/18/2017 16:00:00,125.31
4/19/2017 16:00:00,125.71
4/20/2017 16:00:00,126.35
4/21/2017 16:00:00,126.2
4/24/2017 16:00:00,127.3
4/25/2017 16:00:00,128.25
4/26/2017 16:00:00,128.8
4/27/2017 16:00:00,129.37
4/28/2017 16:00:00,129.09
5/1/2017 16:00:00,129.25
5/2/2017 16:00:00,125.26
5/3/2017 16:00:00,125.57
5/4/2017 16:00:00,126.22
5/5/2017 16:00:00,126.47
5/8/2017 16:00:00,125.95
5/9/2017 16:00:00,125.61
5/10/2017 16:00:00,126.66
5/11/2017 16:00:00,126.73
5/12/2017 16:00:00,126.51
5/15/2017 16:00:00,127.27
5/16/2017 16:00:00,127.38
5/17/2017 16:00:00,126.39
5/18/2017 16:00:00,126.74
5/19/2017 16:00:00,127.09
5/22/2017 16:00:00,127.82
5/23/2017 16:00:00,128.05
5/24/2017 16:00:00,129.31
5/25/2017 16:00:00,130.31
5/26/2017 16:00:00,131.3
5/30/2017 16:00:00,131.56
5/31/2017 16:00:00,132.84
6/1/2017 16:00:00,133.78
6/2/2017 16:00:00,134.33
6/5/2017 16:00:00,133.66
6/6/2017 16:00:00,133.35
6/7/2017 16:00:00,133.52
6/8/2017 16:00:00,132.73
6/9/2017 16:00:00,133.81
6/12/2017 16:00:00,133.18
6/13/2017 16:00:00,134.49
6/14/2017 16:00:00,133.88
6/15/2017 16:00:00,133.85
6/16/2017 16:00:00,134.28
6/19/2017 16:00:00,134.61
6/20/2017 16:00:00,134.11
6/21/2017 16:00:00,132.14
6/22/2017 16:00:00,131.68
6/23/2017 16:00:00,131.66
6/26/2017 16:00:00,132.02
6/27/2017 16:00:00,131.78
6/28/2017 16:00:00,132.9
6/29/2017 16:00:00,131.45
6/30/2017 16:00:00,132.75
7/3/2017 16:00:00,132.94
7/5/2017 16:00:00,133.27
7/6/2017 16:00:00,132.18
7/7/2017 16:00:00,132.62
7/10/2017 16:00:00,132.05
7/11/2017 16:00:00,131.89
7/12/2017 16:00:00,133.04
7/13/2017 16:00:00,132.06
7/14/2017 16:00:00,132.72
7/17/2017 16:00:00,132.17
7/18/2017 16:00:00,132.45
7/19/2017 16:00:00,133.05
7/20/2017 16:00:00,132.45
7/21/2017 16:00:00,133.05
7/24/2017 16:00:00,132.04
7/25/2017 16:00:00,132.9
7/26/2017 16:00:00,132.45
7/27/2017 16:00:00,131.82
7/28/2017 16:00:00,131.92
7/31/2017 16:00:00,131.67
8/1/2017 16:00:00,131.43
8/2/2017 16:00:00,132.9
8/3/2017 16:00:00,132.62
8/4/2017 16:00:00,132.9
8/7/2017 16:00:00,131.95
8/8/2017 16:00:00,131.24
8/9/2017 16:00:00,132.36
8/10/2017 16:00:00,130.23
8/11/2017 16:00:00,129.81
8/14/2017 16:00:00,131.46
8/15/2017 16:00:00,131.15
8/16/2017 16:00:00,132.41
8/17/2017 16:00:00,130.23
8/18/2017 16:00:00,130.11
8/21/2017 16:00:00,130.4
8/22/2017 16:00:00,131.48
8/23/2017 16:00:00,130.78
8/24/2017 16:00:00,130.33
8/25/2017 16:00:00,131.04
8/28/2017 16:00:00,131.46
8/29/2017 16:00:00,130.87
8/30/2017 16:00:00,130.98
8/31/2017 16:00:00,133.3
9/1/2017 16:00:00,132.85
9/5/2017 16:00:00,133.23
9/6/2017 16:00:00,130.89
9/7/2017 16:00:00,131.53
9/8/2017 16:00:00,131.12
9/11/2017 16:00:00,129.83
9/12/2017 16:00:00,129.98
9/13/2017 16:00:00,129.42
9/14/2017 16:00:00,131.01
9/15/2017 16:00:00,131.05
9/18/2017 16:00:00,130.53
9/19/2017 16:00:00,130.74
9/20/2017 16:00:00,130.8
9/21/2017 16:00:00,130.94
9/22/2017 16:00:00,131.33
9/25/2017 16:00:00,131.49
9/26/2017 16:00:00,130.23
9/27/2017 16:00:00,128.97
9/28/2017 16:00:00,129.27
9/29/2017 16:00:00,128.61
10/2/2017 16:00:00,130.65
10/3/2017 16:00:00,130.56
10/4/2017 16:00:00,130.76
10/5/2017 16:00:00,131.74
10/6/2017 16:00:00,131.97
10/9/2017 16:00:00,132.06
10/10/2017 16:00:00,132.7
10/11/2017 16:00:00,132.55
10/12/2017 16:00:00,133.91
10/13/2017 16:00:00,134.09
10/16/2017 16:00:00,134.45
10/17/2017 16:00:00,132.58
10/18/2017 16:00:00,131.7
10/19/2017 16:00:00,131.74
10/20/2017 16:00:00,132.8
10/23/2017 16:00:00,132.6
10/24/2017 16:00:00,132.3
10/25/2017 16:00:00,132.49
10/26/2017 16:00:00,132.67
10/27/2017 16:00:00,131.99
10/30/2017 16:00:00,130.92
10/31/2017 16:00:00,130.66
11/1/2017 16:00:00,131.27
11/2/2017 16:00:00,131.24
11/3/2017 16:00:00,131.38
11/6/2017 16:00:00,131.91
11/7/2017 16:00:00,130.95
11/8/2017 16:00:00,130.39
11/9/2017 16:00:00,130.25
11/10/2017 16:00:00,130.3
11/13/2017 16:00:00,131.64
11/14/2017 16:00:00,131.4
11/15/2017 16:00:00,130.23
11/16/2017 16:00:00,131.99
11/17/2017 16:00:00,131.45
11/20/2017 16:00:00,132.13
11/21/2017 16:00:00,132.45
11/22/2017 16:00:00,132.99
11/24/2017 13:00:00,132.86
11/27/2017 16:00:00,132.81
11/28/2017 16:00:00,134.25
11/29/2017 16:00:00,135
11/30/2017 16:00:00,135.92
12/1/2017 16:00:00,134.89
12/4/2017 16:00:00,137.26
12/5/2017 16:00:00,137.42
12/6/2017 16:00:00,136.88
12/7/2017 16:00:00,135.92
12/8/2017 16:00:00,135.33
12/11/2017 16:00:00,134.67
12/12/2017 16:00:00,134.85
12/13/2017 16:00:00,135
12/14/2017 16:00:00,134.37
12/15/2017 16:00:00,135.19
12/18/2017 16:00:00,135.84
12/19/2017 16:00:00,135.09
12/20/2017 16:00:00,134.08
12/21/2017 16:00:00,133.51
12/22/2017 16:00:00,133.97
12/26/2017 16:00:00,133.7
12/27/2017 16:00:00,134.1
12/28/2017 16:00:00,134.53
12/29/2017 16:00:00,134.18
1/2/2018 16:00:00,134.5
1/3/2018 16:00:00,135.37
1/4/2018 16:00:00,136.47
1/5/2018 16:00:00,137.18
1/8/2018 16:00:00,136.7
1/9/2018 16:00:00,136.66
1/10/2018 16:00:00,135.12
1/11/2018 16:00:00,137.03
1/12/2018 16:00:00,137.68
1/16/2018 16:00:00,137.02
1/17/2018 16:00:00,137.43
1/18/2018 16:00:00,138.35
1/19/2018 16:00:00,139.75
1/22/2018 16:00:00,140.34
1/23/2018 16:00:00,137.76
1/24/2018 16:00:00,137.31
1/25/2018 16:00:00,138.32
1/26/2018 16:00:00,138.15
1/29/2018 16:00:00,137.5
1/30/2018 16:00:00,137.58
1/31/2018 16:00:00,137.68
2/1/2018 16:00:00,138.49
2/2/2018 16:00:00,137.06
2/5/2018 16:00:00,132.05
2/6/2018 16:00:00,131.74
2/7/2018 16:00:00,133.12
2/8/2018 16:00:00,127.76
2/9/2018 16:00:00,128.52
2/12/2018 16:00:00,130.16
2/13/2018 16:00:00,129.34
2/14/2018 16:00:00,129.8
2/15/2018 16:00:00,131.77
2/16/2018 16:00:00,131.49
2/20/2018 16:00:00,131.72
2/21/2018 16:00:00,129.9
2/22/2018 16:00:00,129.45
2/23/2018 16:00:00,130.84
2/26/2018 16:00:00,131.99
2/27/2018 16:00:00,131.09
2/28/2018 16:00:00,130.45
3/1/2018 16:00:00,128.71
3/2/2018 16:00:00,127.86
3/5/2018 16:00:00,129.95
3/6/2018 16:00:00,131.01
3/7/2018 16:00:00,132.8
3/8/2018 16:00:00,134.34
3/9/2018 16:00:00,134.91
3/12/2018 16:00:00,136.78
3/13/2018 16:00:00,136.83
3/14/2018 16:00:00,136.31
3/15/2018 16:00:00,136.7
3/16/2018 16:00:00,138.08
3/19/2018 16:00:00,136.48
3/20/2018 16:00:00,136.63
3/21/2018 16:00:00,136.42
3/22/2018 16:00:00,134.12
3/23/2018 16:00:00,132.25
3/26/2018 16:00:00,134.74
3/27/2018 16:00:00,134.98
3/28/2018 16:00:00,135.31
3/29/2018 16:00:00,137.07
4/2/2018 16:00:00,133.97
4/3/2018 16:00:00,136.9
4/4/2018 16:00:00,138.87
4/5/2018 16:00:00,141.25
4/6/2018 16:00:00,139.78
4/9/2018 16:00:00,140.25
4/10/2018 16:00:00,141.64
4/11/2018 16:00:00,140.65
4/12/2018 16:00:00,141.38
4/13/2018 16:00:00,141.18
4/16/2018 16:00:00,146.96
4/17/2018 16:00:00,148.07
4/18/2018 16:00:00,149.84
4/19/2018 16:00:00,148.98
4/20/2018 16:00:00,148.55
4/23/2018 16:00:00,149.15
4/24/2018 16:00:00,146.25
4/25/2018 16:00:00,145.17
4/26/2018 16:00:00,146.18
4/27/2018 16:00:00,146.71
4/30/2018 16:00:00,144.77
5/1/2018 16:00:00,147.13
5/2/2018 16:00:00,144.24
5/3/2018 16:00:00,144.18
5/4/2018 16:00:00,145.39
5/7/2018 16:00:00,145.79
5/8/2018 16:00:00,145.49
5/9/2018 16:00:00,146.98
5/10/2018 16:00:00,147.66
5/11/2018 16:00:00,147.15
5/14/2018 16:00:00,146.29
5/15/2018 16:00:00,146.21
5/16/2018 16:00:00,147.71
5/17/2018 16:00:00,147.07
5/18/2018 16:00:00,147.83
5/21/2018 16:00:00,148
5/22/2018 16:00:00,146.51
5/23/2018 16:00:00,145.63
5/24/2018 16:00:00,145.47
5/25/2018 16:00:00,144.71
5/29/2018 16:00:00,141.75
5/30/2018 16:00:00,144.03
5/31/2018 16:00:00,142.61
6/1/2018 16:00:00,143.6
6/4/2018 16:00:00,144.26
6/5/2018 16:00:00,144.61
6/6/2018 16:00:00,146.58
6/7/2018 16:00:00,145.87
6/8/2018 16:00:00,146.19
6/11/2018 16:00:00,145.3
6/12/2018 16:00:00,145.05
6/13/2018 16:00:00,144.71
6/14/2018 16:00:00,145.4
6/15/2018 16:00:00,146.57
6/18/2018 16:00:00,144.93
6/19/2018 16:00:00,144.59
6/20/2018 16:00:00,143.65
6/21/2018 16:00:00,141.56
6/22/2018 16:00:00,138.87
6/25/2018 16:00:00,138.42
6/26/2018 16:00:00,138.42
6/27/2018 16:00:00,138.33
6/28/2018 16:00:00,140.08
6/29/2018 16:00:00,140.33
7/2/2018 16:00:00,140.24
7/3/2018 13:00:00,139.97
7/5/2018 16:00:00,140.74
7/6/2018 16:00:00,141.76
7/9/2018 16:00:00,142.05
7/10/2018 16:00:00,142.91
7/11/2018 16:00:00,141.94
7/12/2018 16:00:00,142.66
7/13/2018 16:00:00,143.16
7/16/2018 16:00:00,142.62
7/17/2018 16:00:00,143.72
7/18/2018 16:00:00,144
7/19/2018 16:00:00,141.9
7/20/2018 16:00:00,140.91
7/23/2018 16:00:00,140.34
7/24/2018 16:00:00,140.61
7/25/2018 16:00:00,141.6
7/26/2018 16:00:00,142.7
7/27/2018 16:00:00,140.95
7/30/2018 16:00:00,140.74
7/31/2018 16:00:00,140.7
8/1/2018 16:00:00,144.7
8/2/2018 16:00:00,146.34
8/3/2018 16:00:00,147.12
8/6/2018 16:00:00,148.17
8/7/2018 16:00:00,148.96
8/8/2018 16:00:00,148.42
8/9/2018 16:00:00,147.84
8/10/2018 16:00:00,146.86
8/13/2018 16:00:00,145.97
8/14/2018 16:00:00,147.04
8/15/2018 16:00:00,146.07
8/16/2018 16:00:00,146.69
8/17/2018 16:00:00,147.31
8/20/2018 16:00:00,148.29
8/21/2018 16:00:00,148.07
8/22/2018 16:00:00,147.19
8/23/2018 16:00:00,147.16
8/24/2018 16:00:00,148.93
8/27/2018 16:00:00,149.82
8/28/2018 16:00:00,149.5
8/29/2018 16:00:00,150.87
8/30/2018 16:00:00,150.12
8/31/2018 16:00:00,150.48
9/4/2018 16:00:00,150.64
9/5/2018 16:00:00,152.47
9/6/2018 16:00:00,153.2
9/7/2018 16:00:00,153.35
9/10/2018 16:00:00,153.84
9/11/2018 16:00:00,154.9
9/12/2018 16:00:00,155.72
9/13/2018 16:00:00,156.54
9/14/2018 16:00:00,157.12
9/17/2018 16:00:00,156.24
9/18/2018 16:00:00,156.65
9/19/2018 16:00:00,157.83
9/20/2018 16:00:00,159.2
9/21/2018 16:00:00,159.4
9/24/2018 16:00:00,157.98
9/25/2018 16:00:00,157.32
9/26/2018 16:00:00,156.85
9/27/2018 16:00:00,156.83
9/28/2018 16:00:00,156.78
10/1/2018 16:00:00,157.4
10/2/2018 16:00:00,157.22
10/3/2018 16:00:00,156.11
10/4/2018 16:00:00,156.11
10/5/2018 16:00:00,157.59
10/8/2018 16:00:00,157.37
10/9/2018 16:00:00,154.96
10/10/2018 16:00:00,150.81
10/11/2018 16:00:00,145.95
10/12/2018 16:00:00,145.98
10/15/2018 16:00:00,146.35
10/16/2018 16:00:00,148.47
10/17/2018 16:00:00,148.52
10/18/2018 16:00:00,147.5
10/19/2018 16:00:00,148.55
10/22/2018 16:00:00,147
10/23/2018 16:00:00,147.99
10/24/2018 16:00:00,147.66
10/25/2018 16:00:00,150.1
10/26/2018 16:00:00,147.34
10/29/2018 16:00:00,146.56
10/30/2018 16:00:00,149
10/31/2018 16:00:00,153.15
11/1/2018 16:00:00,152.73
11/2/2018 16:00:00,154.59
11/5/2018 16:00:00,155.97
11/6/2018 16:00:00,156.87
11/7/2018 16:00:00,160.38
11/8/2018 16:00:00,159.48
11/9/2018 16:00:00,159.33
11/12/2018 16:00:00,158
11/13/2018 16:00:00,157.52
11/14/2018 16:00:00,156.92
11/15/2018 16:00:00,158.31
11/16/2018 16:00:00,159.36
11/19/2018 16:00:00,160.3
11/20/2018 16:00:00,156.06
11/21/2018 16:00:00,155.02
11/23/2018 13:00:00,153.24
11/26/2018 16:00:00,154.75
11/27/2018 16:00:00,153.95
11/28/2018 16:00:00,156.25
11/29/2018 16:00:00,158.39
11/30/2018 16:00:00,160.49
12/3/2018 16:00:00,159.52
12/4/2018 16:00:00,156.74
12/6/2018 16:00:00,157.55
12/7/2018 16:00:00,154.07
12/10/2018 16:00:00,154.6
12/11/2018 16:00:00,155.27
12/12/2018 16:00:00,154.9
12/13/2018 16:00:00,155.04
12/14/2018 16:00:00,154.47
12/17/2018 16:00:00,149.64
12/18/2018 16:00:00,148.99
12/19/2018 16:00:00,147.42
12/20/2018 16:00:00,145.71
12/21/2018 16:00:00,143.96
12/24/2018 13:00:00,137.9
12/26/2018 16:00:00,142.83
12/27/2018 16:00:00,144.9
12/28/2018 16:00:00,144.37
12/31/2018 16:00:00,147.35
1/2/2019 16:00:00,144.92
1/3/2019 16:00:00,141.54
1/4/2019 16:00:00,146.67
1/7/2019 16:00:00,147.1
1/8/2019 16:00:00,148.89
1/9/2019 16:00:00,148.71
1/10/2019 16:00:00,149.63
1/11/2019 16:00:00,149.57
1/14/2019 16:00:00,148.76
1/15/2019 16:00:00,150.03
1/16/2019 16:00:00,150.26
1/17/2019 16:00:00,152.52
1/18/2019 16:00:00,154.5
1/22/2019 16:00:00,152.92
1/23/2019 16:00:00,152.97
1/24/2019 16:00:00,151.92
1/25/2019 16:00:00,153.89
1/28/2019 16:00:00,154.98
1/29/2019 16:00:00,155.01
1/30/2019 16:00:00,156.88
1/31/2019 16:00:00,158.17
2/1/2019 16:00:00,158.96
2/4/2019 16:00:00,159.18
2/5/2019 16:00:00,158.66
2/6/2019 16:00:00,159.17
2/7/2019 16:00:00,158.61
2/8/2019 16:00:00,159.17
2/11/2019 16:00:00,160.1
2/12/2019 16:00:00,162.38
2/13/2019 16:00:00,162.65
2/14/2019 16:00:00,161.61
2/15/2019 16:00:00,163.48
2/19/2019 16:00:00,167.31
2/20/2019 16:00:00,165.29
2/21/2019 16:00:00,167.09
2/22/2019 16:00:00,167.01
2/25/2019 16:00:00,168.22
2/26/2019 16:00:00,168.22
2/27/2019 16:00:00,168.49
2/28/2019 16:00:00,168.91
3/1/2019 16:00:00,170.16
3/4/2019 16:00:00,169.58
3/5/2019 16:00:00,170.52
3/6/2019 16:00:00,170.33
3/7/2019 16:00:00,169.6
3/8/2019 16:00:00,169.57
3/11/2019 16:00:00,170.21
3/12/2019 16:00:00,170.99
3/13/2019 16:00:00,173.12
3/14/2019 16:00:00,173.6
3/15/2019 16:00:00,174.47
3/18/2019 16:00:00,175.15
3/19/2019 16:00:00,175.05
3/20/2019 16:00:00,174.47
3/21/2019 16:00:00,175.82
3/22/2019 16:00:00,173.38
3/25/2019 16:00:00,174.09
3/26/2019 16:00:00,175.35
3/27/2019 16:00:00,175.24
3/28/2019 16:00:00,175.95
3/29/2019 16:00:00,176.54
4/1/2019 16:00:00,178.67
4/2/2019 16:00:00,178.14
4/3/2019 16:00:00,181.45
4/4/2019 16:00:00,182.56
4/5/2019 16:00:00,181.71
4/8/2019 16:00:00,181.24
4/9/2019 16:00:00,181.5
4/10/2019 16:00:00,182.58
4/11/2019 16:00:00,182.98
4/12/2019 16:00:00,185.09
4/15/2019 16:00:00,183.77
4/16/2019 16:00:00,185.36
4/17/2019 16:00:00,182.96
4/18/2019 16:00:00,183.2
4/22/2019 16:00:00,182.87
4/23/2019 16:00:00,184.39
4/24/2019 16:00:00,184.54
4/25/2019 16:00:00,183.39
4/26/2019 16:00:00,184.89
4/29/2019 16:00:00,184.41
4/30/2019 16:00:00,184.08
5/1/2019 16:00:00,182.38
5/2/2019 16:00:00,184.32
5/3/2019 16:00:00,185
5/6/2019 16:00:00,183.64
5/7/2019 16:00:00,179.61
5/8/2019 16:00:00,181.31
5/9/2019 16:00:00,180.75
5/10/2019 16:00:00,181.07
5/13/2019 16:00:00,178.23
5/14/2019 16:00:00,179.25
5/15/2019 16:00:00,179.86
5/16/2019 16:00:00,182.18
5/17/2019 16:00:00,181.53
5/20/2019 16:00:00,180.97
5/21/2019 16:00:00,183.15
5/22/2019 16:00:00,183.74
5/23/2019 16:00:00,182.48
5/24/2019 16:00:00,182.48
5/28/2019 16:00:00,182
5/29/2019 16:00:00,182.59
5/30/2019 16:00:00,183.38
5/31/2019 16:00:00,184.09
6/3/2019 16:00:00,185.64
6/4/2019 16:00:00,190.4
6/5/2019 16:00:00,193.12
6/6/2019 16:00:00,196.77
6/7/2019 16:00:00,198.75
6/10/2019 16:00:00,199.69
6/11/2019 16:00:00,197.64
6/12/2019 16:00:00,199.12
6/13/2019 16:00:00,198.76
6/14/2019 16:00:00,198.87
6/17/2019 16:00:00,190.44
6/18/2019 16:00:00,188.98
6/19/2019 16:00:00,188.57
6/20/2019 16:00:00,192.36
6/21/2019 16:00:00,189.59
6/24/2019 16:00:00,191.64
6/25/2019 16:00:00,191.63
6/26/2019 16:00:00,188.25
6/27/2019 16:00:00,192.2
6/28/2019 16:00:00,197.44
7/1/2019 16:00:00,195.76
7/2/2019 16:00:00,197.97
7/3/2019 13:00:00,199.78
7/5/2019 16:00:00,197.07
7/8/2019 16:00:00,197.55
7/9/2019 16:00:00,195.86
7/10/2019 16:00:00,198.13
7/11/2019 16:00:00,199.56
7/12/2019 16:00:00,199.8
7/15/2019 16:00:00,198.93
7/16/2019 16:00:00,197.93
7/17/2019 16:00:00,195.95
7/18/2019 16:00:00,197.69
7/19/2019 16:00:00,197.28
7/22/2019 16:00:00,197.24
7/23/2019 16:00:00,199.96
7/24/2019 16:00:00,197.95
7/25/2019 16:00:00,198.33
7/26/2019 16:00:00,199.62
7/29/2019 16:00:00,200.62
7/30/2019 16:00:00,205.68
7/31/2019 16:00:00,201.73
8/1/2019 16:00:00,200.93
8/2/2019 16:00:00,199.99
8/5/2019 16:00:00,194.35
8/6/2019 16:00:00,196.73
8/7/2019 16:00:00,200.19
8/8/2019 16:00:00,205.04
8/9/2019 16:00:00,205.97
8/12/2019 16:00:00,204.87
8/13/2019 16:00:00,207.46
8/14/2019 16:00:00,201.64
8/15/2019 16:00:00,203.67
8/16/2019 16:00:00,206.81
8/19/2019 16:00:00,208.57
8/20/2019 16:00:00,206.6
8/21/2019 16:00:00,207.1
8/22/2019 16:00:00,206.88
8/23/2019 16:00:00,201.82
8/26/2019 16:00:00,202.9
8/27/2019 16:00:00,204.72
8/28/2019 16:00:00,204.78
8/29/2019 16:00:00,207
8/30/2019 16:00:00,206.31
9/3/2019 16:00:00,204.49
9/4/2019 16:00:00,206.83
9/5/2019 16:00:00,205.33
9/6/2019 16:00:00,206.69
9/9/2019 16:00:00,200.78
9/10/2019 16:00:00,197.26
9/11/2019 16:00:00,197.19
9/12/2019 16:00:00,197.77
9/13/2019 16:00:00,198.89
9/16/2019 16:00:00,192.11
9/17/2019 16:00:00,194.82
9/18/2019 16:00:00,196.06
9/19/2019 16:00:00,196.5
9/20/2019 16:00:00,196.06
9/23/2019 16:00:00,195.83
9/24/2019 16:00:00,194.86
9/25/2019 16:00:00,197.3
9/26/2019 16:00:00,198.43
9/27/2019 16:00:00,197.79
9/30/2019 16:00:00,198.04
10/1/2019 16:00:00,195.86
10/2/2019 16:00:00,191.83
10/3/2019 16:00:00,192.83
10/4/2019 16:00:00,194.62
10/7/2019 16:00:00,191.11
10/8/2019 16:00:00,189.65
10/9/2019 16:00:00,191.31
10/10/2019 16:00:00,193.19
10/11/2019 16:00:00,194.74
10/14/2019 16:00:00,194.01
10/15/2019 16:00:00,194.65
10/16/2019 16:00:00,195.23
10/17/2019 16:00:00,194.04
10/18/2019 16:00:00,193.82
10/21/2019 16:00:00,191.61
10/22/2019 16:00:00,188.4
10/23/2019 16:00:00,188.35
10/24/2019 16:00:00,190.83
10/25/2019 16:00:00,191.94
10/28/2019 16:00:00,191.59
10/29/2019 16:00:00,194.52
10/30/2019 16:00:00,193.71
10/31/2019 16:00:00,192.07
11/1/2019 16:00:00,190.98
11/4/2019 16:00:00,189.84
11/5/2019 16:00:00,192.97
11/6/2019 16:00:00,192.96
11/7/2019 16:00:00,190.8
11/8/2019 16:00:00,190.39
11/11/2019 16:00:00,188.84
11/12/2019 16:00:00,188.32
11/13/2019 16:00:00,190.4
11/14/2019 16:00:00,191.76
11/15/2019 16:00:00,191.74
11/18/2019 16:00:00,191.26
11/19/2019 16:00:00,189.43
11/20/2019 16:00:00,186.22
11/21/2019 16:00:00,183.02
11/22/2019 16:00:00,182.51
11/25/2019 16:00:00,182.06
11/26/2019 16:00:00,186.23
11/27/2019 16:00:00,186.95
11/29/2019 13:00:00,186.67
12/2/2019 16:00:00,185.16
12/3/2019 16:00:00,185.34
12/4/2019 16:00:00,183.88
12/5/2019 16:00:00,185.05
12/6/2019 16:00:00,186.41
12/9/2019 16:00:00,185.2
12/10/2019 16:00:00,185.15
12/11/2019 16:00:00,185.11
12/12/2019 16:00:00,185.18
12/13/2019 16:00:00,185.5
12/16/2019 16:00:00,185.98
12/17/2019 16:00:00,186.9
12/18/2019 16:00:00,185.69
12/19/2019 16:00:00,191.78
12/20/2019 16:00:00,191.22
12/23/2019 16:00:00,192.2
12/24/2019 13:00:00,191.45
12/26/2019 16:00:00,191.64
12/27/2019 16:00:00,191.68
12/30/2019 16:00:00,191.62
12/31/2019 16:00:00,192.99
1/2/2020 16:00:00,190.23
1/3/2020 16:00:00,189.32
1/6/2020 16:00:00,187.71
1/7/2020 16:00:00,187.47
1/8/2020 16:00:00,187.54
1/9/2020 16:00:00,190.04
1/10/2020 16:00:00,188.93
1/13/2020 16:00:00,191.41
1/14/2020 16:00:00,189.96
1/15/2020 16:00:00,191.45
1/16/2020 16:00:00,193
1/17/2020 16:00:00,195.58
1/21/2020 16:00:00,195.54
1/22/2020 16:00:00,196.4
1/23/2020 16:00:00,198.3
1/24/2020 16:00:00,198.01
1/27/2020 16:00:00,196.75
1/28/2020 16:00:00,198.18
1/29/2020 16:00:00,197.81
1/30/2020 16:00:00,199.48
1/31/2020 16:00:00,196.11
2/3/2020 16:00:00,201.53
2/4/2020 16:00:00,203.45
2/5/2020 16:00:00,206.3
2/6/2020 16:00:00,207.11
2/7/2020 16:00:00,205.64
2/10/2020 16:00:00,204.94
2/11/2020 16:00:00,204.62
2/12/2020 16:00:00,206.82
2/13/2020 16:00:00,207.06
2/14/2020 16:00:00,207.31
2/18/2020 16:00:00,207.68
2/19/2020 16:00:00,210.31
2/20/2020 16:00:00,206.31
2/21/2020 16:00:00,207.5
2/24/2020 16:00:00,202.52
2/25/2020 16:00:00,194.78
2/26/2020 16:00:00,194.43
2/27/2020 16:00:00,183.48
2/28/2020 16:00:00,180.45
3/2/2020 16:00:00,191.22
3/3/2020 16:00:00,193.92
3/4/2020 16:00:00,204.34
3/5/2020 16:00:00,198.91
3/6/2020 16:00:00,194.41
3/9/2020 16:00:00,183.84
3/10/2020 16:00:00,190.85
3/11/2020 16:00:00,186.58
3/12/2020 16:00:00,165.06
3/13/2020 16:00:00,180.07
3/16/2020 16:00:00,166.12
3/17/2020 16:00:00,169.5
3/18/2020 16:00:00,156.53
3/19/2020 16:00:00,159.58
3/20/2020 16:00:00,141.88
3/23/2020 16:00:00,125.22
3/24/2020 16:00:00,152.97
3/25/2020 16:00:00,151.78
3/26/2020 16:00:00,161.69
3/27/2020 16:00:00,157.48
3/30/2020 16:00:00,161.4
3/31/2020 16:00:00,155.83
4/1/2020 16:00:00,146.7
4/2/2020 16:00:00,152.16
4/3/2020 16:00:00,147.26
4/6/2020 16:00:00,157.39
4/7/2020 16:00:00,159.11
4/8/2020 16:00:00,170.81
4/9/2020 16:00:00,179.86
4/13/2020 16:00:00,174.66
4/14/2020 16:00:00,180.8
4/15/2020 16:00:00,174.66
4/16/2020 16:00:00,172.49
4/17/2020 16:00:00,178.75
4/20/2020 16:00:00,172.96
4/21/2020 16:00:00,170.16
4/22/2020 16:00:00,174.76
4/23/2020 16:00:00,175.04
4/24/2020 16:00:00,180.08
4/27/2020 16:00:00,187.51
4/28/2020 16:00:00,197.58
4/29/2020 16:00:00,197.58
4/30/2020 16:00:00,193.5
5/1/2020 16:00:00,190
5/4/2020 16:00:00,191.52
5/5/2020 16:00:00,193.32
5/6/2020 16:00:00,193.03
5/7/2020 16:00:00,194.12
5/8/2020 16:00:00,197.76
5/11/2020 16:00:00,196.08
5/12/2020 16:00:00,194.2
5/13/2020 16:00:00,191.97
5/14/2020 16:00:00,192.44
5/15/2020 16:00:00,194.75
5/18/2020 16:00:00,204.89
5/19/2020 16:00:00,201.24
5/20/2020 16:00:00,202.45
5/21/2020 16:00:00,200.4
5/22/2020 16:00:00,200.5
5/26/2020 16:00:00,204.59
5/27/2020 16:00:00,207.35
5/28/2020 16:00:00,211.41
5/29/2020 16:00:00,212.58
6/1/2020 16:00:00,209.05
6/2/2020 16:00:00,212.14
6/3/2020 16:00:00,220.86
6/4/2020 16:00:00,222
6/5/2020 16:00:00,229.56
6/8/2020 16:00:00,230.11
6/9/2020 16:00:00,226.71
6/10/2020 16:00:00,225.91
6/11/2020 16:00:00,202.54
6/12/2020 16:00:00,204.06
6/15/2020 16:00:00,199.89
6/16/2020 16:00:00,206.23
6/17/2020 16:00:00,205.06
6/18/2020 16:00:00,205.24
6/19/2020 16:00:00,199.75
6/22/2020 16:00:00,201.65
6/23/2020 16:00:00,199.81
6/24/2020 16:00:00,196.67
6/25/2020 16:00:00,196.03
6/26/2020 16:00:00,191.75
6/29/2020 16:00:00,195.62
6/30/2020 16:00:00,198.95
7/1/2020 16:00:00,200.24
7/2/2020 16:00:00,200.9
7/6/2020 16:00:00,201.73
7/7/2020 16:00:00,202.94
7/8/2020 16:00:00,196.77
7/9/2020 16:00:00,197.5
7/10/2020 16:00:00,200.66
7/13/2020 16:00:00,200.3
7/14/2020 16:00:00,204.14
7/15/2020 16:00:00,207.9
7/16/2020 16:00:00,208.29
7/17/2020 16:00:00,210.36
7/20/2020 16:00:00,209.85
7/21/2020 16:00:00,207.65
7/22/2020 16:00:00,210.32
7/23/2020 16:00:00,209.54
7/24/2020 16:00:00,210.06
7/27/2020 16:00:00,212.04
7/28/2020 16:00:00,193.72
7/29/2020 16:00:00,194.83
7/30/2020 16:00:00,191.05
7/31/2020 16:00:00,187.08
8/3/2020 16:00:00,184.41
8/4/2020 16:00:00,189.31
8/5/2020 16:00:00,191.94
8/6/2020 16:00:00,194.2
8/7/2020 16:00:00,194.9
8/10/2020 16:00:00,195.3
8/11/2020 16:00:00,196.22
8/12/2020 16:00:00,198.69
8/13/2020 16:00:00,196.55
8/14/2020 16:00:00,194.71
8/17/2020 16:00:00,194.85
8/18/2020 16:00:00,194.37
8/19/2020 16:00:00,194.06
8/20/2020 16:00:00,194.41
8/21/2020 16:00:00,194.85
8/24/2020 16:00:00,197.52
8/25/2020 16:00:00,195.99
8/26/2020 16:00:00,197.11
8/27/2020 16:00:00,197.68
8/28/2020 16:00:00,200.5
8/31/2020 16:00:00,197.08
9/1/2020 16:00:00,201.66
9/2/2020 16:00:00,209.18
9/3/2020 16:00:00,204.84
9/4/2020 16:00:00,204.76
9/8/2020 16:00:00,197.88
9/9/2020 16:00:00,203
9/10/2020 16:00:00,201.87
9/11/2020 16:00:00,203.6
9/14/2020 16:00:00,204.89
9/15/2020 16:00:00,206.63
9/16/2020 16:00:00,207.82
9/17/2020 16:00:00,207.5
9/18/2020 16:00:00,204.02
9/21/2020 16:00:00,198.47
9/22/2020 16:00:00,199.16
9/23/2020 16:00:00,195.2
9/24/2020 16:00:00,194.61
9/25/2020 16:00:00,196.03
9/28/2020 16:00:00,198.27
9/29/2020 16:00:00,197.45
9/30/2020 16:00:00,199.84
10/1/2020 16:00:00,197.08
10/2/2020 16:00:00,198.06
10/5/2020 16:00:00,199.39
10/6/2020 16:00:00,196.43
10/7/2020 16:00:00,201.4
10/8/2020 16:00:00,201.46
10/9/2020 16:00:00,203.16
10/12/2020 16:00:00,202.73
10/13/2020 16:00:00,201.05
10/14/2020 16:00:00,201.31
10/15/2020 16:00:00,201.44
10/16/2020 16:00:00,204.53
10/19/2020 16:00:00,201.79
10/20/2020 16:00:00,203.01
10/21/2020 16:00:00,203.21
10/22/2020 16:00:00,204.87
10/23/2020 16:00:00,204.87
10/26/2020 16:00:00,198.17
10/27/2020 16:00:00,189.77
10/28/2020 16:00:00,185.35
10/29/2020 16:00:00,186.94
10/30/2020 16:00:00,183.59
11/2/2020 16:00:00,188.85
11/3/2020 16:00:00,192.61
11/4/2020 16:00:00,191.89
11/5/2020 16:00:00,196.42
11/6/2020 16:00:00,199.39
11/9/2020 16:00:00,216.9
11/10/2020 16:00:00,212.23
11/11/2020 16:00:00,209.83
11/12/2020 16:00:00,203.48
11/13/2020 16:00:00,208.43
11/16/2020 16:00:00,213.38
11/17/2020 16:00:00,212.27
11/18/2020 16:00:00,209.44
11/19/2020 16:00:00,210.93
11/20/2020 16:00:00,210.66
11/23/2020 16:00:00,213.92
11/24/2020 16:00:00,219.31
11/25/2020 16:00:00,218.03
11/27/2020 13:00:00,224.81
11/30/2020 16:00:00,222.15
12/1/2020 16:00:00,224.02
12/2/2020 16:00:00,219.14
12/3/2020 16:00:00,219.75
12/4/2020 16:00:00,225.61
12/7/2020 16:00:00,222.74
12/8/2020 16:00:00,224.41
12/9/2020 16:00:00,225.9
12/10/2020 16:00:00,223.08
12/11/2020 16:00:00,221.25
12/14/2020 16:00:00,217
12/15/2020 16:00:00,222.95
12/16/2020 16:00:00,220.01
12/17/2020 16:00:00,220.61
12/18/2020 16:00:00,218.58
12/21/2020 16:00:00,215.81
12/22/2020 16:00:00,215.21
12/23/2020 16:00:00,213.32
12/24/2020 13:00:00,216.12
12/28/2020 16:00:00,214.7
12/29/2020 16:00:00,214.47
12/30/2020 16:00:00,215.24
12/31/2020 16:00:00,216.36
1/4/2021 16:00:00,214.31
1/5/2021 16:00:00,216.56
1/6/2021 16:00:00,225.43
1/7/2021 16:00:00,225.74
1/8/2021 16:00:00,221.75
1/11/2021 16:00:00,221.06
1/12/2021 16:00:00,223.13
1/13/2021 16:00:00,216.96
1/14/2021 16:00:00,212.43
1/15/2021 16:00:00,210.77
1/19/2021 16:00:00,215.91
1/20/2021 16:00:00,218.38
1/21/2021 16:00:00,214.01
1/22/2021 16:00:00,212.39
1/25/2021 16:00:00,211.26
1/26/2021 16:00:00,209.33
1/27/2021 16:00:00,207.37
1/28/2021 16:00:00,211.1
1/29/2021 16:00:00,204.51
2/1/2021 16:00:00,208.43
2/2/2021 16:00:00,210.28
2/3/2021 16:00:00,208.97
2/4/2021 16:00:00,208.13
2/5/2021 16:00:00,212.78
2/8/2021 16:00:00,217.05
2/9/2021 16:00:00,215.56
2/10/2021 16:00:00,215.65
2/11/2021 16:00:00,216.4
2/12/2021 16:00:00,219.88
2/16/2021 16:00:00,210.91
2/17/2021 16:00:00,208.79
2/18/2021 16:00:00,209.8
2/19/2021 16:00:00,208.08
2/22/2021 16:00:00,206.54
2/23/2021 16:00:00,211.16
2/24/2021 16:00:00,216.19
2/25/2021 16:00:00,211.96
2/26/2021 16:00:00,209.36
3/1/2021 16:00:00,211.22
3/2/2021 16:00:00,211.54
3/3/2021 16:00:00,208.32
3/4/2021 16:00:00,204.57
3/5/2021 16:00:00,207.91
3/8/2021 16:00:00,211.59
3/9/2021 16:00:00,214.48
3/10/2021 16:00:00,216.97
3/11/2021 16:00:00,214.4
3/12/2021 16:00:00,214.72
3/15/2021 16:00:00,215.37
3/16/2021 16:00:00,212.95
3/17/2021 16:00:00,209.18
3/18/2021 16:00:00,209.55
3/19/2021 16:00:00,207.58
3/22/2021 16:00:00,208.07
3/23/2021 16:00:00,207.91
3/24/2021 16:00:00,208.46
3/25/2021 16:00:00,208.81
3/26/2021 16:00:00,213.33
3/29/2021 16:00:00,214.53
3/30/2021 16:00:00,215
3/31/2021 16:00:00,214.07
4/1/2021 16:00:00,216.85
4/5/2021 16:00:00,218.88
4/6/2021 16:00:00,220.83
4/7/2021 16:00:00,214.66
4/8/2021 16:00:00,215.97
4/9/2021 16:00:00,219.44
4/12/2021 16:00:00,219.74
4/13/2021 16:00:00,217.94
4/14/2021 16:00:00,218.39
4/15/2021 16:00:00,219.9
4/16/2021 16:00:00,223.15
4/19/2021 16:00:00,220.31
4/20/2021 16:00:00,220.84
4/21/2021 16:00:00,223.98
4/22/2021 16:00:00,221.53
4/23/2021 16:00:00,226.78
4/26/2021 16:00:00,226.81
4/27/2021 16:00:00,218.41
4/28/2021 16:00:00,222.07
4/29/2021 16:00:00,224.75
4/30/2021 16:00:00,224.12
5/3/2021 16:00:00,226.95
5/4/2021 16:00:00,228.99
5/5/2021 16:00:00,227.94
5/6/2021 16:00:00,228.5
5/7/2021 16:00:00,228.43
5/10/2021 16:00:00,224.96
5/11/2021 16:00:00,225.3
5/12/2021 16:00:00,217.44
5/13/2021 16:00:00,221.48
5/14/2021 16:00:00,224.06
5/17/2021 16:00:00,221.64
5/18/2021 16:00:00,217.93
5/19/2021 16:00:00,213.33
5/20/2021 16:00:00,214.36
5/21/2021 16:00:00,214.24
5/24/2021 16:00:00,215.3
5/25/2021 16:00:00,214.93
5/26/2021 16:00:00,215.06
5/27/2021 16:00:00,216.23
5/28/2021 16:00:00,215.08
6/1/2021 16:00:00,215.11
6/2/2021 16:00:00,214.96
6/3/2021 16:00:00,213.85
6/4/2021 16:00:00,215.46
6/7/2021 16:00:00,212.96
6/8/2021 16:00:00,212.4
6/9/2021 16:00:00,212.76
6/10/2021 16:00:00,213.56
6/11/2021 16:00:00,214.5
6/14/2021 16:00:00,213.24
6/15/2021 16:00:00,214.92
6/16/2021 16:00:00,210.43
6/17/2021 16:00:00,209.64
6/18/2021 16:00:00,205.01
6/21/2021 16:00:00,209.79
6/22/2021 16:00:00,210.12
6/23/2021 16:00:00,208.07
6/24/2021 16:00:00,208.24
6/25/2021 16:00:00,207.48
6/28/2021 16:00:00,208.24
6/29/2021 16:00:00,208.09
6/30/2021 16:00:00,205.97
7/1/2021 16:00:00,209.18
7/2/2021 16:00:00,210.8
7/6/2021 16:00:00,209.48
7/7/2021 16:00:00,211.23
7/8/2021 16:00:00,209.83
7/9/2021 16:00:00,212.76
7/12/2021 16:00:00,213.41
7/13/2021 16:00:00,212.75
7/14/2021 16:00:00,213.75
7/15/2021 16:00:00,214.59
7/16/2021 16:00:00,215.28
7/19/2021 16:00:00,210.34
7/20/2021 16:00:00,214.2
7/21/2021 16:00:00,214.47
7/22/2021 16:00:00,214.94
7/23/2021 16:00:00,217.89
7/26/2021 16:00:00,219.14
7/27/2021 16:00:00,220.8
7/28/2021 16:00:00,219.13
7/29/2021 16:00:00,220.39
7/30/2021 16:00:00,220.83
8/2/2021 16:00:00,218.07
8/3/2021 16:00:00,219.36
8/4/2021 16:00:00,217.8
8/5/2021 16:00:00,218.18
8/6/2021 16:00:00,219.65
8/9/2021 16:00:00,218.55
8/10/2021 16:00:00,219.06
8/11/2021 16:00:00,220.63
8/12/2021 16:00:00,219.57
8/13/2021 16:00:00,221.58
8/16/2021 16:00:00,221.28
8/17/2021 16:00:00,221.29
8/18/2021 16:00:00,219.33
8/19/2021 16:00:00,220.5
8/20/2021 16:00:00,222.06
8/23/2021 16:00:00,222.52
8/24/2021 16:00:00,222.33
8/25/2021 16:00:00,224.08
8/26/2021 16:00:00,223.02
8/27/2021 16:00:00,224.99
8/30/2021 16:00:00,225.48
8/31/2021 16:00:00,225.36
9/1/2021 16:00:00,224.97
9/2/2021 16:00:00,226.92
9/3/2021 16:00:00,225.14
9/7/2021 16:00:00,227.14
9/8/2021 16:00:00,229.6
9/9/2021 16:00:00,227.51
9/10/2021 16:00:00,225.84
9/13/2021 16:00:00,224.46
9/14/2021 16:00:00,223.56
9/15/2021 16:00:00,223.83
9/16/2021 16:00:00,223.57
9/17/2021 16:00:00,218.34
9/20/2021 16:00:00,217.09
9/21/2021 16:00:00,217.91
9/22/2021 16:00:00,220.86
9/23/2021 16:00:00,223.9
9/24/2021 16:00:00,223.77
9/27/2021 16:00:00,218.28
9/28/2021 16:00:00,212.82
9/29/2021 16:00:00,212.7
9/30/2021 16:00:00,208.62
10/1/2021 16:00:00,213.65
10/4/2021 16:00:00,212.37
10/5/2021 16:00:00,214.38
10/6/2021 16:00:00,216.62
10/7/2021 16:00:00,216.47
10/8/2021 16:00:00,215.06
10/11/2021 16:00:00,212.17
10/12/2021 16:00:00,212.13
10/13/2021 16:00:00,213.27
10/14/2021 16:00:00,219.35
10/15/2021 16:00:00,220.21
10/18/2021 16:00:00,218.69
10/19/2021 16:00:00,219.53
10/20/2021 16:00:00,220.64
10/21/2021 16:00:00,222.3
10/22/2021 16:00:00,221.45
10/25/2021 16:00:00,221.56
10/26/2021 16:00:00,230.28
10/27/2021 16:00:00,221.1
10/28/2021 16:00:00,221
10/29/2021 16:00:00,222.22
11/1/2021 16:00:00,222.52
11/2/2021 16:00:00,226.91
11/3/2021 16:00:00,228.14
11/4/2021 16:00:00,228.1
11/5/2021 16:00:00,230.68
11/8/2021 16:00:00,230.86
11/9/2021 16:00:00,230.95
11/10/2021 16:00:00,233.38
11/11/2021 16:00:00,232.47
11/12/2021 16:00:00,235.67
11/15/2021 16:00:00,235.46
11/16/2021 16:00:00,233.43
11/17/2021 16:00:00,232.39
11/18/2021 16:00:00,230.88
11/19/2021 16:00:00,234.86
11/22/2021 16:00:00,234.54
11/23/2021 16:00:00,233.43
11/24/2021 16:00:00,231.35
11/26/2021 13:00:00,226.23
11/29/2021 16:00:00,227.15
11/30/2021 16:00:00,221.47
12/1/2021 16:00:00,220.3
12/2/2021 16:00:00,224.65
12/3/2021 16:00:00,220.83
12/6/2021 16:00:00,229.59
12/7/2021 16:00:00,230.76
12/8/2021 16:00:00,232.3
12/9/2021 16:00:00,230.35
12/10/2021 16:00:00,232.01
12/13/2021 16:00:00,231.44
12/14/2021 16:00:00,228.88
12/15/2021 16:00:00,229.18
12/16/2021 16:00:00,229.85
12/17/2021 16:00:00,225.45
12/20/2021 16:00:00,224.02
12/21/2021 16:00:00,225.49
12/22/2021 16:00:00,226.83
12/23/2021 16:00:00,228.24
12/27/2021 16:00:00,231.67
12/28/2021 16:00:00,234.13
12/29/2021 16:00:00,235.64
12/30/2021 16:00:00,234.01
12/31/2021 16:00:00,234.59
1/3/2022 16:00:00,229.83
1/4/2022 16:00:00,233.51
1/5/2022 16:00:00,233.23
1/6/2022 16:00:00,230.46
1/7/2022 16:00:00,229.87
1/10/2022 16:00:00,225.84
1/11/2022 16:00:00,226.62
1/12/2022 16:00:00,226.49
1/13/2022 16:00:00,223.28
1/14/2022 16:00:00,216.03
1/18/2022 16:00:00,213.4
1/19/2022 16:00:00,214.8
1/20/2022 16:00:00,213.17
1/21/2022 16:00:00,195.09
1/24/2022 16:00:00,192.61
1/25/2022 16:00:00,188.89
1/26/2022 16:00:00,185.25
1/27/2022 16:00:00,183.52
1/28/2022 16:00:00,186.09
1/31/2022 16:00:00,189.45
2/1/2022 16:00:00,191.66
2/2/2022 16:00:00,192.48
2/3/2022 16:00:00,189.24
2/4/2022 16:00:00,187.48
2/7/2022 16:00:00,186.69
2/8/2022 16:00:00,186.58
2/9/2022 16:00:00,191.34
2/10/2022 16:00:00,187.35
2/11/2022 16:00:00,184.42
2/14/2022 16:00:00,182.91
2/15/2022 16:00:00,183.25
2/16/2022 16:00:00,182.81
2/17/2022 16:00:00,178.38
2/18/2022 16:00:00,178.64
2/22/2022 16:00:00,176.71
2/23/2022 16:00:00,173.06
2/24/2022 16:00:00,175.94
2/25/2022 16:00:00,180.3
2/28/2022 16:00:00,176.26
3/1/2022 16:00:00,170.51
3/2/2022 16:00:00,172.85
3/3/2022 16:00:00,171.12
3/4/2022 16:00:00,168.11
3/7/2022 16:00:00,158.53
3/8/2022 16:00:00,156.73
3/9/2022 16:00:00,165.02
3/10/2022 16:00:00,162.48
3/11/2022 16:00:00,158.85
3/14/2022 16:00:00,165.03
3/15/2022 16:00:00,167.82
3/16/2022 16:00:00,170.76
3/17/2022 16:00:00,171.67
3/18/2022 16:00:00,171.14
3/21/2022 16:00:00,170.72
3/22/2022 16:00:00,176.35
3/23/2022 16:00:00,173.74
3/24/2022 16:00:00,176.26
3/25/2022 16:00:00,177.59
3/28/2022 16:00:00,178.3
3/29/2022 16:00:00,182.7
3/30/2022 16:00:00,180.4
3/31/2022 16:00:00,176.56
4/1/2022 16:00:00,180.37
4/4/2022 16:00:00,180.07
4/5/2022 16:00:00,180.19
4/6/2022 16:00:00,181.27
4/7/2022 16:00:00,183.62
4/8/2022 16:00:00,182.95
4/11/2022 16:00:00,180.54
4/12/2022 16:00:00,179.33
4/13/2022 16:00:00,180.17
4/14/2022 16:00:00,176.6
4/18/2022 16:00:00,175.04
4/19/2022 16:00:00,180.76
4/20/2022 16:00:00,182.26
4/21/2022 16:00:00,180.02
4/22/2022 16:00:00,175.2
4/25/2022 16:00:00,175.61
4/26/2022 16:00:00,168.47
4/27/2022 16:00:00,170.54
4/28/2022 16:00:00,175.31
4/29/2022 16:00:00,169.34
5/2/2022 16:00:00,165.62
5/3/2022 16:00:00,166.38
5/4/2022 16:00:00,173.87
5/5/2022 16:00:00,166.69
5/6/2022 16:00:00,165.2
5/9/2022 16:00:00,163.81
5/10/2022 16:00:00,160.36
5/11/2022 16:00:00,160.25
5/12/2022 16:00:00,159.73
5/13/2022 16:00:00,161.99
5/16/2022 16:00:00,159.34
5/17/2022 16:00:00,162.94
5/18/2022 16:00:00,156.21
5/19/2022 16:00:00,157.65
5/20/2022 16:00:00,159.49
5/23/2022 16:00:00,161.03
5/24/2022 16:00:00,158.4
5/25/2022 16:00:00,157.82
5/26/2022 16:00:00,164.2
5/27/2022 16:00:00,166.03
5/31/2022 16:00:00,163.91
6/1/2022 16:00:00,162.87
6/2/2022 16:00:00,173.13
6/3/2022 16:00:00,170.46
6/6/2022 16:00:00,169.82
6/7/2022 16:00:00,170.71
6/8/2022 16:00:00,164.99
6/9/2022 16:00:00,164.71
6/10/2022 16:00:00,158.74
6/13/2022 16:00:00,152.79
6/14/2022 16:00:00,150.28
6/15/2022 16:00:00,150.04
6/16/2022 16:00:00,145.63
6/17/2022 16:00:00,148.17
6/21/2022 16:00:00,148.59
6/22/2022 16:00:00,151.24
6/23/2022 16:00:00,154.29
6/24/2022 16:00:00,159.65
6/27/2022 16:00:00,156.91
6/28/2022 16:00:00,153.3
6/29/2022 16:00:00,153.47
6/30/2022 16:00:00,153.76
7/1/2022 16:00:00,157.67
7/5/2022 16:00:00,158.02
7/6/2022 16:00:00,159.39
7/7/2022 16:00:00,158.89
7/8/2022 16:00:00,155.61
7/11/2022 16:00:00,154.27
7/12/2022 16:00:00,157.78
7/13/2022 16:00:00,155.61
7/14/2022 16:00:00,153.71
7/15/2022 16:00:00,155.18
7/18/2022 16:00:00,151.71
7/19/2022 16:00:00,157.8
7/20/2022 16:00:00,159.4
7/21/2022 16:00:00,163.34
7/22/2022 16:00:00,162.99
7/25/2022 16:00:00,162.77
7/26/2022 16:00:00,158.37
7/27/2022 16:00:00,160.64
7/28/2022 16:00:00,162.97
7/29/2022 16:00:00,165.17
8/1/2022 16:00:00,167.05
8/2/2022 16:00:00,165.36
8/3/2022 16:00:00,167.03
8/4/2022 16:00:00,166.82
8/5/2022 16:00:00,166.5
8/8/2022 16:00:00,164.71
8/9/2022 16:00:00,163.04
8/10/2022 16:00:00,170.7
8/11/2022 16:00:00,171.13
8/12/2022 16:00:00,174.09
8/15/2022 16:00:00,176.56
8/16/2022 16:00:00,177.02
8/17/2022 16:00:00,174.95
8/18/2022 16:00:00,175.38
8/19/2022 16:00:00,171.78
8/22/2022 16:00:00,169.13
8/23/2022 16:00:00,167.52
8/24/2022 16:00:00,168.91
8/25/2022 16:00:00,170.94
8/26/2022 16:00:00,165.26
8/29/2022 16:00:00,164.93
8/30/2022 16:00:00,165.39
8/31/2022 16:00:00,163.83
9/1/2022 16:00:00,162.4
9/2/2022 16:00:00,161.64
9/6/2022 16:00:00,163.03
9/7/2022 16:00:00,170.92
9/8/2022 16:00:00,170.92
9/9/2022 16:00:00,172.64
9/12/2022 16:00:00,174.9
9/13/2022 16:00:00,166.3
9/14/2022 16:00:00,164.64
9/15/2022 16:00:00,161.81
9/16/2022 16:00:00,157.64
9/19/2022 16:00:00,159.8
9/20/2022 16:00:00,156.52
9/21/2022 16:00:00,151.8
9/22/2022 16:00:00,149.47
9/23/2022 16:00:00,149.26
9/26/2022 16:00:00,146.34
9/27/2022 16:00:00,144.03
9/28/2022 16:00:00,148.73
9/29/2022 16:00:00,145.92
9/30/2022 16:00:00,144.42
10/3/2022 16:00:00,149.13
10/4/2022 16:00:00,153.55
10/5/2022 16:00:00,151.32
10/6/2022 16:00:00,148.67
10/7/2022 16:00:00,143.51
10/10/2022 16:00:00,141.49
10/11/2022 16:00:00,142.7
10/12/2022 16:00:00,140.53
10/13/2022 16:00:00,144.22
10/14/2022 16:00:00,139.53
10/17/2022 16:00:00,144.7
10/18/2022 16:00:00,148.08
10/19/2022 16:00:00,145.73
10/20/2022 16:00:00,141.99
10/21/2022 16:00:00,145.91
10/24/2022 16:00:00,148.43
10/25/2022 16:00:00,152.99
10/26/2022 16:00:00,152.21
10/27/2022 16:00:00,153.16
10/28/2022 16:00:00,157.77
10/31/2022 16:00:00,157.07
11/1/2022 16:00:00,142.98
11/2/2022 16:00:00,137.23
11/3/2022 16:00:00,131.35
11/4/2022 16:00:00,134.75
11/7/2022 16:00:00,138.32
11/8/2022 16:00:00,141.49
11/9/2022 16:00:00,140.65
11/10/2022 16:00:00,151.63
11/11/2022 16:00:00,155.68
11/14/2022 16:00:00,152.89
11/15/2022 16:00:00,152.77
11/16/2022 16:00:00,149.8
11/17/2022 16:00:00,147.9
11/18/2022 16:00:00,148.11
11/21/2022 16:00:00,148.32
11/22/2022 16:00:00,148.92
11/23/2022 16:00:00,150.06
11/25/2022 13:00:00,148.95
11/28/2022 16:00:00,145.48
11/29/2022 16:00:00,144.91
11/30/2022 16:00:00,149.83
12/1/2022 16:00:00,151.94
12/2/2022 16:00:00,151.36
12/5/2022 16:00:00,150.45
12/6/2022 16:00:00,148.43
12/7/2022 16:00:00,147.97
12/8/2022 16:00:00,149.17
12/9/2022 16:00:00,150.35
12/12/2022 16:00:00,150.51
12/13/2022 16:00:00,152.72
12/14/2022 16:00:00,150.44
12/15/2022 16:00:00,145.34
12/16/2022 16:00:00,144.05
12/19/2022 16:00:00,141.21
12/20/2022 16:00:00,142.84
12/21/2022 16:00:00,144.3
12/22/2022 16:00:00,143.05
12/23/2022 16:00:00,144.54
12/27/2022 16:00:00,145.45
12/28/2022 16:00:00,143.8
12/29/2022 16:00:00,147.71
12/30/2022 16:00:00,145.56
1/3/2023 16:00:00,147.21
1/4/2023 16:00:00,149.76
1/5/2023 16:00:00,144.83
1/6/2023 16:00:00,149.46
1/9/2023 16:00:00,150.22
1/10/2023 16:00:00,152.2
1/11/2023 16:00:00,154.25
1/12/2023 16:00:00,153.38
1/13/2023 16:00:00,154.43
1/17/2023 16:00:00,153.2
1/18/2023 16:00:00,150.35
1/19/2023 16:00:00,148.6
1/20/2023 16:00:00,152.88
1/23/2023 16:00:00,154.29
1/24/2023 16:00:00,153.67
1/25/2023 16:00:00,152.4
1/26/2023 16:00:00,151.85
1/27/2023 16:00:00,152.33
1/30/2023 16:00:00,150.46
1/31/2023 16:00:00,154.83
2/1/2023 16:00:00,155.73
2/2/2023 16:00:00,159.32
2/3/2023 16:00:00,153.29
2/6/2023 16:00:00,151.69
2/7/2023 16:00:00,152.29
2/8/2023 16:00:00,151.22
2/9/2023 16:00:00,145.77
2/10/2023 16:00:00,146.02
2/13/2023 16:00:00,147.89
2/14/2023 16:00:00,158.4
2/15/2023 16:00:00,163.95
2/16/2023 16:00:00,161.99
2/17/2023 16:00:00,162.41
2/21/2023 16:00:00,158.19
2/22/2023 16:00:00,159.24
2/23/2023 16:00:00,158.8
2/24/2023 16:00:00,158.58
2/27/2023 16:00:00,159.76
2/28/2023 16:00:00,159.37
3/1/2023 16:00:00,158.52
3/2/2023 16:00:00,161.93
3/3/2023 16:00:00,163.4
3/6/2023 16:00:00,161
3/7/2023 16:00:00,157.82
3/8/2023 16:00:00,159.74
3/9/2023 16:00:00,157.65
3/10/2023 16:00:00,158.07
3/13/2023 16:00:00,157.8
3/14/2023 16:00:00,160.59
3/15/2023 16:00:00,159.23
3/16/2023 16:00:00,158.77
3/17/2023 16:00:00,154.58
3/20/2023 16:00:00,156.29
3/21/2023 16:00:00,157.79
3/22/2023 16:00:00,155.61
3/23/2023 16:00:00,157.04
3/24/2023 16:00:00,160.36
3/27/2023 16:00:00,160.21
3/28/2023 16:00:00,160.18
3/29/2023 16:00:00,162.23
3/30/2023 16:00:00,163.28
3/31/2023 16:00:00,165.53
4/3/2023 16:00:00,166.02
4/4/2023 16:00:00,164.87
4/5/2023 16:00:00,166.1
4/6/2023 16:00:00,167.04
4/10/2023 16:00:00,165.96
4/11/2023 16:00:00,165.14
4/12/2023 16:00:00,164.25
4/13/2023 16:00:00,166.75
4/14/2023 16:00:00,164.37
4/17/2023 16:00:00,163.95
4/18/2023 16:00:00,164.29
4/19/2023 16:00:00,164.66
4/20/2023 16:00:00,164.35
4/21/2023 16:00:00,165.6
4/24/2023 16:00:00,166.08
4/25/2023 16:00:00,164.3
4/26/2023 16:00:00,162.58
4/27/2023 16:00:00,166.16
4/28/2023 16:00:00,167.84
5/1/2023 16:00:00,168.78
5/2/2023 16:00:00,174.28
5/3/2023 16:00:00,173.34
5/4/2023 16:00:00,172.36
5/5/2023 16:00:00,173.67
5/8/2023 16:00:00,172.83
5/9/2023 16:00:00,172.85
5/10/2023 16:00:00,174.93
5/11/2023 16:00:00,174.22
5/12/2023 16:00:00,174.19
5/15/2023 16:00:00,173.75
5/16/2023 16:00:00,172.56
5/17/2023 16:00:00,174.45
5/18/2023 16:00:00,174.95
5/19/2023 16:00:00,175.27
5/22/2023 16:00:00,172.99
5/23/2023 16:00:00,167.53
5/24/2023 16:00:00,167.65
5/25/2023 16:00:00,166.73
5/26/2023 16:00:00,166.91
5/30/2023 16:00:00,165.8
5/31/2023 16:00:00,165.05
6/1/2023 16:00:00,169.12
6/2/2023 16:00:00,173.1
6/5/2023 16:00:00,173.4
6/6/2023 16:00:00,173.18
6/7/2023 16:00:00,175.25
6/8/2023 16:00:00,176.98
6/9/2023 16:00:00,177.48
6/12/2023 16:00:00,179.03
6/13/2023 16:00:00,181.47
6/14/2023 16:00:00,179.81
6/15/2023 16:00:00,182.22
6/16/2023 16:00:00,182.04
6/20/2023 16:00:00,180.6
6/21/2023 16:00:00,180.77
6/22/2023 16:00:00,179.87
6/23/2023 16:00:00,178.15
6/26/2023 16:00:00,180.4
6/27/2023 16:00:00,180.91
6/28/2023 16:00:00,181.08
6/29/2023 16:00:00,183.88
6/30/2023 16:00:00,186.69
7/3/2023 13:00:00,186.58
7/5/2023 16:00:00,183.76
7/6/2023 16:00:00,183.13
7/7/2023 16:00:00,183.4
7/10/2023 16:00:00,183.69
7/11/2023 16:00:00,184.66
7/12/2023 16:00:00,186.78
7/13/2023 16:00:00,186.33
7/14/2023 16:00:00,188.46
7/17/2023 16:00:00,187.57
7/18/2023 16:00:00,188.61
7/19/2023 16:00:00,187.28
7/20/2023 16:00:00,187.74
7/21/2023 16:00:00,189.17
7/24/2023 16:00:00,189.43
7/25/2023 16:00:00,190.85
7/26/2023 16:00:00,188.96
7/27/2023 16:00:00,183.83
7/28/2023 16:00:00,183.58
7/31/2023 16:00:00,183.14
8/1/2023 16:00:00,185.17
8/2/2023 16:00:00,184.91
8/3/2023 16:00:00,181.49
8/4/2023 16:00:00,182.53
8/7/2023 16:00:00,184.51
8/8/2023 16:00:00,185.21
8/9/2023 16:00:00,183.3
8/10/2023 16:00:00,185
8/11/2023 16:00:00,184.36
8/14/2023 16:00:00,184.16
8/15/2023 16:00:00,181.86
8/16/2023 16:00:00,182.3
8/17/2023 16:00:00,180.99
8/18/2023 16:00:00,179.35
8/21/2023 16:00:00,180.47
8/22/2023 16:00:00,180.55
8/23/2023 16:00:00,180.02
8/24/2023 16:00:00,178.87
8/25/2023 16:00:00,180.48
8/28/2023 16:00:00,180.93
8/29/2023 16:00:00,183.05
8/30/2023 16:00:00,183.87
8/31/2023 16:00:00,183.81
9/1/2023 16:00:00,182.7
9/5/2023 16:00:00,182.09
9/6/2023 16:00:00,181.62
9/7/2023 16:00:00,181.68
9/8/2023 16:00:00,182.06
9/11/2023 16:00:00,183.85
9/12/2023 16:00:00,182.12
9/13/2023 16:00:00,180.24
9/14/2023 16:00:00,177.67
9/15/2023 16:00:00,177.96
9/18/2023 16:00:00,175.78
9/19/2023 16:00:00,176.31
9/20/2023 16:00:00,177.53
9/21/2023 16:00:00,172.1
9/22/2023 16:00:00,171.98
9/25/2023 16:00:00,172.17
9/26/2023 16:00:00,168.96
9/27/2023 16:00:00,167.87
9/28/2023 16:00:00,169.27
9/29/2023 16:00:00,169.4
10/2/2023 16:00:00,166.9
10/3/2023 16:00:00,165.56
10/4/2023 16:00:00,169.61
10/5/2023 16:00:00,168.44
10/6/2023 16:00:00,169.54
10/9/2023 16:00:00,167.68
10/10/2023 16:00:00,169.13
10/11/2023 16:00:00,169.75
10/12/2023 16:00:00,165.5
10/13/2023 16:00:00,164.63
10/16/2023 16:00:00,166.31
10/17/2023 16:00:00,166.29
10/18/2023 16:00:00,162.25
10/19/2023 16:00:00,160.34
10/20/2023 16:00:00,159.93
10/23/2023 16:00:00,159.15
10/24/2023 16:00:00,160.25
10/25/2023 16:00:00,158.67
10/26/2023 16:00:00,158.42
10/27/2023 16:00:00,157.44
10/30/2023 16:00:00,159.15
10/31/2023 16:00:00,167.74
11/1/2023 16:00:00,167.21
11/2/2023 16:00:00,171.12
11/3/2023 16:00:00,174.77
11/6/2023 16:00:00,174.47
11/7/2023 16:00:00,174
11/8/2023 16:00:00,176.69
11/9/2023 16:00:00,175.69
11/10/2023 16:00:00,177.9
11/13/2023 16:00:00,179
11/14/2023 16:00:00,183.86
11/15/2023 16:00:00,183.29
11/16/2023 16:00:00,185.13
11/17/2023 16:00:00,184.35
11/20/2023 16:00:00,184.98
11/21/2023 16:00:00,186.6
11/22/2023 16:00:00,186.65
11/24/2023 13:00:00,187.24
11/27/2023 16:00:00,189
11/28/2023 16:00:00,188.41
11/29/2023 16:00:00,188.63
11/30/2023 16:00:00,191.73
12/1/2023 16:00:00,192.4
12/4/2023 16:00:00,191.44
12/5/2023 16:00:00,190
12/6/2023 16:00:00,190.3
12/7/2023 16:00:00,192.42
12/8/2023 16:00:00,192.12
12/11/2023 16:00:00,193.46
12/12/2023 16:00:00,194.02
12/13/2023 16:00:00,198.5
12/14/2023 16:00:00,196.7
12/15/2023 16:00:00,196.78
12/18/2023 16:00:00,196.75
12/19/2023 16:00:00,196.84
12/20/2023 16:00:00,194.85
12/21/2023 16:00:00,196.91
12/22/2023 16:00:00,197.62
12/26/2023 16:00:00,198.64
12/27/2023 16:00:00,199.39
12/28/2023 16:00:00,198.87
12/29/2023 16:00:00,198.35
1/2/2024 16:00:00,198.2
1/3/2024 16:00:00,196.12
1/4/2024 16:00:00,195.49
1/5/2024 16:00:00,195.25
1/8/2024 16:00:00,195.98
1/9/2024 16:00:00,195.93
1/10/2024 16:00:00,197.39
1/11/2024 16:00:00,198.02
1/12/2024 16:00:00,198.92
1/16/2024 16:00:00,199.04
1/17/2024 16:00:00,197.44
1/18/2024 16:00:00,200.46
1/19/2024 16:00:00,199.87
1/22/2024 16:00:00,200.87
1/23/2024 16:00:00,199.18
1/24/2024 16:00:00,196.62
1/25/2024 16:00:00,198.62
1/26/2024 16:00:00,198.49
1/29/2024 16:00:00,199.25
1/30/2024 16:00:00,200.74